<?xml version="1.0" encoding="UTF-8"?>
<!-- Generated by eXe - http://exelearning.net -->
<manifest identifier="eXeUT_260c9975c262b2b0da01" xmlns="http://www.imsproject.org/xsd/imscp_rootv1p1p2" xmlns:adlcp="http://www.adlnet.org/xsd/adlcp_rootv1p2" xmlns:imsmd="http://www.imsglobal.org/xsd/imsmd_v1p2" xmlns:xsi="http://www.w3.org/2001/XMLSchema-instance" xsi:schemaLocation="http://www.imsproject.org/xsd/imscp_rootv1p1p2 imscp_rootv1p1p2.xsd http://www.imsglobal.org/xsd/imsmd_rootv1p2p1 imsmd_rootv1p2p1.xsd http://www.adlnet.org/xsd/adlcp_rootv1p2 adlcp_rootv1p2.xsd" > 
<metadata> 
 <schema>ADL SCORM</schema> 
 <schemaversion>1.2</schemaversion> 
 <adlcp:location>imslrm.xml</adlcp:location> 
</metadata> 
<organizations default="eXeUT_260c9975c262b2b0da02">  
    <organization identifier="eXeUT_260c9975c262b2b0da02" structure="hierarchical">
        <title>1º DAW - Programación - UT 2</title>
<item identifier="ITEM-eXeUT_260c9975c262b2b0da03" isvisible="true" identifierref="RES-eXeUT_260c9975c262b2b0da04">
    <title>U.T. 2 Elementos de un programa informático</title>
<item identifier="ITEM-eXeUT_260c9975c262b2b0da05" isvisible="true" identifierref="RES-eXeUT_260c9975c262b2b0da06">
    <title>Orientaciones</title>
</item>
<item identifier="ITEM-eXeUT_260c9975c262b2b0da07" isvisible="true" identifierref="RES-eXeUT_260c9975c262b2b0da08">
    <title>2.1 Introducción</title>
</item>
<item identifier="ITEM-eXeUT_260c9975c262b2b0da09" isvisible="true" identifierref="RES-eXeUT_260c9975c262b2b0da0a">
    <title>2.2. Historia de Python</title>
<item identifier="ITEM-eXeUT_260c9975c262b2b0da0b" isvisible="true" identifierref="RES-eXeUT_260c9975c262b2b0da0c">
    <title>2.2.1 Versiones</title>
</item>
</item>
<item identifier="ITEM-eXeUT_260c9975c262b2b0da1d" isvisible="true" identifierref="RES-eXeUT_260c9975c262b2b0da1e">
    <title>2.3. Características de Python</title>
</item>
<item identifier="ITEM-eXeUT_260c9975c262b2b0da1f" isvisible="true" identifierref="RES-eXeUT_260c9975c262b2b0da110">
    <title>2.4. Un vistazo rápido al interior de Python</title>
</item>
<item identifier="ITEM-eXeUT_260c9975c262b2b0da111" isvisible="true" identifierref="RES-eXeUT_260c9975c262b2b0da112">
    <title>2.5. Instalación de Python</title>
</item>
<item identifier="ITEM-eXeUT_260c9975c262b2b0da213" isvisible="true" identifierref="RES-eXeUT_260c9975c262b2b0da214">
    <title>2.6. Entornos IDE</title>
<item identifier="ITEM-eXeUT_260c9975c262b2b0da215" isvisible="true" identifierref="RES-eXeUT_260c9975c262b2b0da216">
    <title>2.6.1. PyCharm</title>
</item>
</item>
<item identifier="ITEM-eXeUT_260c9975c262b2b0da317" isvisible="true" identifierref="RES-eXeUT_260c9975c262b2b0da318">
    <title>2.7. Estructura general</title>
<item identifier="ITEM-eXeUT_260c9975c262b2b0da319" isvisible="true" identifierref="RES-eXeUT_260c9975c262b2b0da31a">
    <title>2.7.1. Introdución</title>
</item>
<item identifier="ITEM-eXeUT_260c9975c262b2b0da31b" isvisible="true" identifierref="RES-eXeUT_260c9975c262b2b0da31c">
    <title>2.7.2. Conceptos básicos</title>
</item>
<item identifier="ITEM-eXeUT_260c9975c262b2b0da31d" isvisible="true" identifierref="RES-eXeUT_260c9975c262b2b0da31e">
    <title>2.7.3. Funciones introductorias</title>
</item>
<item identifier="ITEM-eXeUT_260c9975c262b2b0da31f" isvisible="true" identifierref="RES-eXeUT_260c9975c262b2b0da320">
    <title>2.7.4. Ejemplo: Ejecutar un programa</title>
<item identifier="ITEM-eXeUT_260c9975c262b2b0da421" isvisible="true" identifierref="RES-eXeUT_260c9975c262b2b0da422">
    <title>Sin usar un IDE</title>
</item>
<item identifier="ITEM-eXeUT_260c9975c262b2b0da423" isvisible="true" identifierref="RES-eXeUT_260c9975c262b2b0da424">
    <title>Explicación del código</title>
</item>
<item identifier="ITEM-eXeUT_260c9975c262b2b0da425" isvisible="true" identifierref="RES-eXeUT_260c9975c262b2b0da426">
    <title>Ejercicios</title>
</item>
</item>
<item identifier="ITEM-eXeUT_260c9975c262b2b0da527" isvisible="true" identifierref="RES-eXeUT_260c9975c262b2b0da528">
    <title>2.7.5. Líneas y espacios en blanco</title>
</item>
<item identifier="ITEM-eXeUT_260c9975c262b2b0da529" isvisible="true" identifierref="RES-eXeUT_260c9975c262b2b0da52a">
    <title>2.7.6. Comentarios</title>
</item>
<item identifier="ITEM-eXeUT_260c9975c262b2b0da52b" isvisible="true" identifierref="RES-eXeUT_260c9975c262b2b0da52c">
    <title>2.7.7. Ejercicios</title>
</item>
<item identifier="ITEM-eXeUT_260c9975c262b2b0da62d" isvisible="true" identifierref="RES-eXeUT_260c9975c262b2b0da62e">
    <title>2.7.8. Identificadores</title>
<item identifier="ITEM-eXeUT_260c9975c262b2b0da62f" isvisible="true" identifierref="RES-eXeUT_260c9975c262b2b0da630">
    <title>Ejemplos</title>
</item>
<item identifier="ITEM-eXeUT_260c9975c262b2b0da631" isvisible="true" identifierref="RES-eXeUT_260c9975c262b2b0da632">
    <title>Nombrado</title>
</item>
</item>
<item identifier="ITEM-eXeUT_260c9975c262b2b0da633" isvisible="true" identifierref="RES-eXeUT_260c9975c262b2b0da634">
    <title>2.7.9. Palabras reservadas</title>
</item>
<item identifier="ITEM-eXeUT_260c9975c262b2b0da635" isvisible="true" identifierref="RES-eXeUT_260c9975c262b2b0da636">
    <title>2.7.10. Operadores y expresiones</title>
<item identifier="ITEM-eXeUT_260c9975c262b2b0da737" isvisible="true" identifierref="RES-eXeUT_260c9975c262b2b0da738">
    <title>Concatenación</title>
</item>
<item identifier="ITEM-eXeUT_260c9975c262b2b0da739" isvisible="true" identifierref="RES-eXeUT_260c9975c262b2b0da73a">
    <title>Operadores lógicos o booleanos</title>
</item>
<item identifier="ITEM-eXeUT_260c9975c262b2b0da73b" isvisible="true" identifierref="RES-eXeUT_260c9975c262b2b0da73c">
    <title>Operadores de comparación</title>
</item>
<item identifier="ITEM-eXeUT_260c9975c262b2b0da73d" isvisible="true" identifierref="RES-eXeUT_260c9975c262b2b0da73e">
    <title>Operadores aritméticos</title>
</item>
<item identifier="ITEM-eXeUT_260c9975c262b2b0da83f" isvisible="true" identifierref="RES-eXeUT_260c9975c262b2b0da840">
    <title>Operadores a nivel de bits</title>
</item>
<item identifier="ITEM-eXeUT_260c9975c262b2b0da841" isvisible="true" identifierref="RES-eXeUT_260c9975c262b2b0da842">
    <title>Operadores de asignación</title>
</item>
<item identifier="ITEM-eXeUT_260c9975c262b2b0da843" isvisible="true" identifierref="RES-eXeUT_260c9975c262b2b0da844">
    <title>Operador morsa</title>
</item>
<item identifier="ITEM-eXeUT_260c9975c262b2b0da845" isvisible="true" identifierref="RES-eXeUT_260c9975c262b2b0da846">
    <title>Operadores de pertenencia</title>
</item>
<item identifier="ITEM-eXeUT_260c9975c262b2b0da947" isvisible="true" identifierref="RES-eXeUT_260c9975c262b2b0da948">
    <title>Operadores de identidad</title>
</item>
<item identifier="ITEM-eXeUT_260c9975c262b2b0da949" isvisible="true" identifierref="RES-eXeUT_260c9975c262b2b0da94a">
    <title>Prioridad de los operadores en Python</title>
</item>
<item identifier="ITEM-eXeUT_260c9975c262b2b0da94b" isvisible="true" identifierref="RES-eXeUT_260c9975c262b2b0da94c">
    <title>Expresiones</title>
<item identifier="ITEM-eXeUT_260c9975c262b2b0da94d" isvisible="true" identifierref="RES-eXeUT_260c9975c262b2b0da94e">
    <title>Ejercicios</title>
</item>
</item>
</item>
<item identifier="ITEM-eXeUT_260c9975c262b2b0daa4f" isvisible="true" identifierref="RES-eXeUT_260c9975c262b2b0daa50">
    <title>2.7.11. Ejercicios</title>
</item>
<item identifier="ITEM-eXeUT_260c9975c262b2b0daa51" isvisible="true" identifierref="RES-eXeUT_260c9975c262b2b0daa52">
    <title>2.7.12 Manejo de los datos</title>
<item identifier="ITEM-eXeUT_260c9975c262b2b0daa53" isvisible="true" identifierref="RES-eXeUT_260c9975c262b2b0daa54">
    <title>Literales numéricos</title>
</item>
<item identifier="ITEM-eXeUT_260c9975c262b2b0dab55" isvisible="true" identifierref="RES-eXeUT_260c9975c262b2b0dab56">
    <title>Literales de bytes</title>
</item>
<item identifier="ITEM-eXeUT_260c9975c262b2b0dab57" isvisible="true" identifierref="RES-eXeUT_260c9975c262b2b0dab58">
    <title>Literales Cadena</title>
</item>
</item>
<item identifier="ITEM-eXeUT_260c9975c262b2b0dab59" isvisible="true" identifierref="RES-eXeUT_260c9975c262b2b0dab5a">
    <title>2.7.13. Ejercicios</title>
</item>
<item identifier="ITEM-eXeUT_260c9975c262b2b0dac5b" isvisible="true" identifierref="RES-eXeUT_260c9975c262b2b0dac5c">
    <title>2.7.14. Tipos de datos</title>
</item>
<item identifier="ITEM-eXeUT_260c9975c262b2b0dac5d" isvisible="true" identifierref="RES-eXeUT_260c9975c262b2b0dac5e">
    <title>2.7.15. Variables y constantes</title>
</item>
<item identifier="ITEM-eXeUT_260c9975c262b2b0dac5f" isvisible="true" identifierref="RES-eXeUT_260c9975c262b2b0dac60">
    <title>2.7.16. Bibliotecas</title>
</item>
<item identifier="ITEM-eXeUT_260c9975c262b2b0dad61" isvisible="true" identifierref="RES-eXeUT_260c9975c262b2b0dad62">
    <title>2.7.18. Ejercicios</title>
</item>
</item>
<item identifier="ITEM-eXeUT_260c9975c262b2b0dad63" isvisible="true" identifierref="RES-eXeUT_260c9975c262b2b0dad64">
    <title>Resumen</title>
</item>
</item>
  </organization>
</organizations>
<resources>
  <resource identifier="RES-eXeUT_260c9975c262b2b0da04" type="webcontent" adlcp:scormtype="sco" href="index.html"> 
    <file href="index.html"/> 
    <file href="exe_html5.js"/>
    <dependency identifierref="COMMON_FILES"/>
  </resource>
  <resource identifier="RES-eXeUT_260c9975c262b2b0da06" type="webcontent" adlcp:scormtype="sco" href="orientaciones.html"> 
    <file href="orientaciones.html"/> 
    <file href="exe_html5.js"/>
    <dependency identifierref="COMMON_FILES"/>
  </resource>
  <resource identifier="RES-eXeUT_260c9975c262b2b0da08" type="webcontent" adlcp:scormtype="sco" href="21_introduccin.html"> 
    <file href="21_introduccin.html"/> 
    <file href="exe_html5.js"/>
    <dependency identifierref="COMMON_FILES"/>
  </resource>
  <resource identifier="RES-eXeUT_260c9975c262b2b0da0a" type="webcontent" adlcp:scormtype="sco" href="22_historia_de_python.html"> 
    <file href="22_historia_de_python.html"/> 
    <file href="exe_html5.js"/>
    <dependency identifierref="COMMON_FILES"/>
  </resource>
  <resource identifier="RES-eXeUT_260c9975c262b2b0da0c" type="webcontent" adlcp:scormtype="sco" href="221_versiones.html"> 
    <file href="221_versiones.html"/> 
    <file href="exe_html5.js"/>
    <dependency identifierref="COMMON_FILES"/>
  </resource>
  <resource identifier="RES-eXeUT_260c9975c262b2b0da1e" type="webcontent" adlcp:scormtype="sco" href="23_caractersticas_de_python.html"> 
    <file href="23_caractersticas_de_python.html"/> 
    <file href="exe_html5.js"/>
    <file href="00.png"/>
    <dependency identifierref="COMMON_FILES"/>
  </resource>
  <resource identifier="RES-eXeUT_260c9975c262b2b0da110" type="webcontent" adlcp:scormtype="sco" href="24_un_vistazo_rpido_al_interior_de_python.html"> 
    <file href="24_un_vistazo_rpido_al_interior_de_python.html"/> 
    <file href="exe_html5.js"/>
    <file href="01.png"/>
    <dependency identifierref="COMMON_FILES"/>
  </resource>
  <resource identifier="RES-eXeUT_260c9975c262b2b0da112" type="webcontent" adlcp:scormtype="sco" href="25_instalacin_de_python.html"> 
    <file href="25_instalacin_de_python.html"/> 
    <file href="exe_html5.js"/>
    <file href="03.png"/>
    <file href="02.png"/>
    <file href="05.png"/>
    <file href="04.png"/>
    <dependency identifierref="COMMON_FILES"/>
  </resource>
  <resource identifier="RES-eXeUT_260c9975c262b2b0da214" type="webcontent" adlcp:scormtype="sco" href="26_entornos_ide.html"> 
    <file href="26_entornos_ide.html"/> 
    <file href="exe_html5.js"/>
    <dependency identifierref="COMMON_FILES"/>
  </resource>
  <resource identifier="RES-eXeUT_260c9975c262b2b0da216" type="webcontent" adlcp:scormtype="sco" href="261_pycharm.html"> 
    <file href="261_pycharm.html"/> 
    <file href="exe_html5.js"/>
    <file href="09.png"/>
    <file href="08.png"/>
    <file href="10.png"/>
    <file href="07.png"/>
    <file href="06.png"/>
    <dependency identifierref="COMMON_FILES"/>
  </resource>
  <resource identifier="RES-eXeUT_260c9975c262b2b0da318" type="webcontent" adlcp:scormtype="sco" href="27_estructura_general.html"> 
    <file href="27_estructura_general.html"/> 
    <file href="exe_html5.js"/>
    <dependency identifierref="COMMON_FILES"/>
  </resource>
  <resource identifier="RES-eXeUT_260c9975c262b2b0da31a" type="webcontent" adlcp:scormtype="sco" href="271_introducin.html"> 
    <file href="271_introducin.html"/> 
    <file href="exe_html5.js"/>
    <dependency identifierref="COMMON_FILES"/>
  </resource>
  <resource identifier="RES-eXeUT_260c9975c262b2b0da31c" type="webcontent" adlcp:scormtype="sco" href="272_conceptos_bsicos.html"> 
    <file href="272_conceptos_bsicos.html"/> 
    <file href="exe_html5.js"/>
    <dependency identifierref="COMMON_FILES"/>
  </resource>
  <resource identifier="RES-eXeUT_260c9975c262b2b0da31e" type="webcontent" adlcp:scormtype="sco" href="273_funciones_introductorias.html"> 
    <file href="273_funciones_introductorias.html"/> 
    <file href="exe_html5.js"/>
    <dependency identifierref="COMMON_FILES"/>
  </resource>
  <resource identifier="RES-eXeUT_260c9975c262b2b0da320" type="webcontent" adlcp:scormtype="sco" href="274_ejemplo_ejecutar_un_programa.html"> 
    <file href="274_ejemplo_ejecutar_un_programa.html"/> 
    <file href="exe_html5.js"/>
    <file href="12.png"/>
    <file href="13.png"/>
    <file href="11.png"/>
    <dependency identifierref="COMMON_FILES"/>
  </resource>
  <resource identifier="RES-eXeUT_260c9975c262b2b0da422" type="webcontent" adlcp:scormtype="sco" href="sin_usar_un_ide.html"> 
    <file href="sin_usar_un_ide.html"/> 
    <file href="exe_html5.js"/>
    <dependency identifierref="COMMON_FILES"/>
  </resource>
  <resource identifier="RES-eXeUT_260c9975c262b2b0da424" type="webcontent" adlcp:scormtype="sco" href="explicacin_del_cdigo.html"> 
    <file href="explicacin_del_cdigo.html"/> 
    <file href="exe_html5.js"/>
    <dependency identifierref="COMMON_FILES"/>
  </resource>
  <resource identifier="RES-eXeUT_260c9975c262b2b0da426" type="webcontent" adlcp:scormtype="sco" href="ejercicios.html"> 
    <file href="ejercicios.html"/> 
    <file href="exe_html5.js"/>
    <dependency identifierref="COMMON_FILES"/>
  </resource>
  <resource identifier="RES-eXeUT_260c9975c262b2b0da528" type="webcontent" adlcp:scormtype="sco" href="275_lneas_y_espacios_en_blanco.html"> 
    <file href="275_lneas_y_espacios_en_blanco.html"/> 
    <file href="exe_html5.js"/>
    <dependency identifierref="COMMON_FILES"/>
  </resource>
  <resource identifier="RES-eXeUT_260c9975c262b2b0da52a" type="webcontent" adlcp:scormtype="sco" href="276_comentarios.html"> 
    <file href="276_comentarios.html"/> 
    <file href="exe_html5.js"/>
    <dependency identifierref="COMMON_FILES"/>
  </resource>
  <resource identifier="RES-eXeUT_260c9975c262b2b0da52c" type="webcontent" adlcp:scormtype="sco" href="277_ejercicios.html"> 
    <file href="277_ejercicios.html"/> 
    <file href="exe_html5.js"/>
    <file href="14.png"/>
    <file href="15.png"/>
    <dependency identifierref="COMMON_FILES"/>
  </resource>
  <resource identifier="RES-eXeUT_260c9975c262b2b0da62e" type="webcontent" adlcp:scormtype="sco" href="278_identificadores.html"> 
    <file href="278_identificadores.html"/> 
    <file href="exe_html5.js"/>
    <dependency identifierref="COMMON_FILES"/>
  </resource>
  <resource identifier="RES-eXeUT_260c9975c262b2b0da630" type="webcontent" adlcp:scormtype="sco" href="ejemplos.html"> 
    <file href="ejemplos.html"/> 
    <file href="exe_html5.js"/>
    <dependency identifierref="COMMON_FILES"/>
  </resource>
  <resource identifier="RES-eXeUT_260c9975c262b2b0da632" type="webcontent" adlcp:scormtype="sco" href="nombrado.html"> 
    <file href="nombrado.html"/> 
    <file href="exe_html5.js"/>
    <dependency identifierref="COMMON_FILES"/>
  </resource>
  <resource identifier="RES-eXeUT_260c9975c262b2b0da634" type="webcontent" adlcp:scormtype="sco" href="279_palabras_reservadas.html"> 
    <file href="279_palabras_reservadas.html"/> 
    <file href="exe_html5.js"/>
    <file href="16.png"/>
    <dependency identifierref="COMMON_FILES"/>
  </resource>
  <resource identifier="RES-eXeUT_260c9975c262b2b0da636" type="webcontent" adlcp:scormtype="sco" href="2710_operadores_y_expresiones.html"> 
    <file href="2710_operadores_y_expresiones.html"/> 
    <file href="exe_html5.js"/>
    <dependency identifierref="COMMON_FILES"/>
  </resource>
  <resource identifier="RES-eXeUT_260c9975c262b2b0da738" type="webcontent" adlcp:scormtype="sco" href="concatenacin.html"> 
    <file href="concatenacin.html"/> 
    <file href="exe_html5.js"/>
    <dependency identifierref="COMMON_FILES"/>
  </resource>
  <resource identifier="RES-eXeUT_260c9975c262b2b0da73a" type="webcontent" adlcp:scormtype="sco" href="operadores_lgicos_o_booleanos.html"> 
    <file href="operadores_lgicos_o_booleanos.html"/> 
    <file href="exe_html5.js"/>
    <dependency identifierref="COMMON_FILES"/>
  </resource>
  <resource identifier="RES-eXeUT_260c9975c262b2b0da73c" type="webcontent" adlcp:scormtype="sco" href="operadores_de_comparacin.html"> 
    <file href="operadores_de_comparacin.html"/> 
    <file href="exe_html5.js"/>
    <dependency identifierref="COMMON_FILES"/>
  </resource>
  <resource identifier="RES-eXeUT_260c9975c262b2b0da73e" type="webcontent" adlcp:scormtype="sco" href="operadores_aritmticos.html"> 
    <file href="operadores_aritmticos.html"/> 
    <file href="exe_html5.js"/>
    <dependency identifierref="COMMON_FILES"/>
  </resource>
  <resource identifier="RES-eXeUT_260c9975c262b2b0da840" type="webcontent" adlcp:scormtype="sco" href="operadores_a_nivel_de_bits.html"> 
    <file href="operadores_a_nivel_de_bits.html"/> 
    <file href="exe_html5.js"/>
    <dependency identifierref="COMMON_FILES"/>
  </resource>
  <resource identifier="RES-eXeUT_260c9975c262b2b0da842" type="webcontent" adlcp:scormtype="sco" href="operadores_de_asignacin.html"> 
    <file href="operadores_de_asignacin.html"/> 
    <file href="exe_html5.js"/>
    <dependency identifierref="COMMON_FILES"/>
  </resource>
  <resource identifier="RES-eXeUT_260c9975c262b2b0da844" type="webcontent" adlcp:scormtype="sco" href="operador_morsa.html"> 
    <file href="operador_morsa.html"/> 
    <file href="exe_html5.js"/>
    <dependency identifierref="COMMON_FILES"/>
  </resource>
  <resource identifier="RES-eXeUT_260c9975c262b2b0da846" type="webcontent" adlcp:scormtype="sco" href="operadores_de_pertenencia.html"> 
    <file href="operadores_de_pertenencia.html"/> 
    <file href="exe_html5.js"/>
    <dependency identifierref="COMMON_FILES"/>
  </resource>
  <resource identifier="RES-eXeUT_260c9975c262b2b0da948" type="webcontent" adlcp:scormtype="sco" href="operadores_de_identidad.html"> 
    <file href="operadores_de_identidad.html"/> 
    <file href="exe_html5.js"/>
    <dependency identifierref="COMMON_FILES"/>
  </resource>
  <resource identifier="RES-eXeUT_260c9975c262b2b0da94a" type="webcontent" adlcp:scormtype="sco" href="prioridad_de_los_operadores_en_python.html"> 
    <file href="prioridad_de_los_operadores_en_python.html"/> 
    <file href="exe_html5.js"/>
    <file href="17.jpg"/>
    <dependency identifierref="COMMON_FILES"/>
  </resource>
  <resource identifier="RES-eXeUT_260c9975c262b2b0da94c" type="webcontent" adlcp:scormtype="sco" href="expresiones.html"> 
    <file href="expresiones.html"/> 
    <file href="exe_html5.js"/>
    <dependency identifierref="COMMON_FILES"/>
  </resource>
  <resource identifier="RES-eXeUT_260c9975c262b2b0da94e" type="webcontent" adlcp:scormtype="sco" href="ejercicios0.html"> 
    <file href="ejercicios0.html"/> 
    <file href="exe_html5.js"/>
    <dependency identifierref="COMMON_FILES"/>
  </resource>
  <resource identifier="RES-eXeUT_260c9975c262b2b0daa50" type="webcontent" adlcp:scormtype="sco" href="2711_ejercicios.html"> 
    <file href="2711_ejercicios.html"/> 
    <file href="exe_html5.js"/>
    <dependency identifierref="COMMON_FILES"/>
  </resource>
  <resource identifier="RES-eXeUT_260c9975c262b2b0daa52" type="webcontent" adlcp:scormtype="sco" href="2712_manejo_de_los_datos.html"> 
    <file href="2712_manejo_de_los_datos.html"/> 
    <file href="exe_html5.js"/>
    <dependency identifierref="COMMON_FILES"/>
  </resource>
  <resource identifier="RES-eXeUT_260c9975c262b2b0daa54" type="webcontent" adlcp:scormtype="sco" href="literales_numricos.html"> 
    <file href="literales_numricos.html"/> 
    <file href="exe_html5.js"/>
    <dependency identifierref="COMMON_FILES"/>
  </resource>
  <resource identifier="RES-eXeUT_260c9975c262b2b0dab56" type="webcontent" adlcp:scormtype="sco" href="literales_de_bytes.html"> 
    <file href="literales_de_bytes.html"/> 
    <file href="exe_html5.js"/>
    <dependency identifierref="COMMON_FILES"/>
  </resource>
  <resource identifier="RES-eXeUT_260c9975c262b2b0dab58" type="webcontent" adlcp:scormtype="sco" href="literales_cadena.html"> 
    <file href="literales_cadena.html"/> 
    <file href="exe_html5.js"/>
    <dependency identifierref="COMMON_FILES"/>
  </resource>
  <resource identifier="RES-eXeUT_260c9975c262b2b0dab5a" type="webcontent" adlcp:scormtype="sco" href="2713_ejercicios.html"> 
    <file href="2713_ejercicios.html"/> 
    <file href="exe_html5.js"/>
    <dependency identifierref="COMMON_FILES"/>
  </resource>
  <resource identifier="RES-eXeUT_260c9975c262b2b0dac5c" type="webcontent" adlcp:scormtype="sco" href="2714_tipos_de_datos.html"> 
    <file href="2714_tipos_de_datos.html"/> 
    <file href="exe_html5.js"/>
    <dependency identifierref="COMMON_FILES"/>
  </resource>
  <resource identifier="RES-eXeUT_260c9975c262b2b0dac5e" type="webcontent" adlcp:scormtype="sco" href="2715_variables_y_constantes.html"> 
    <file href="2715_variables_y_constantes.html"/> 
    <file href="exe_html5.js"/>
    <dependency identifierref="COMMON_FILES"/>
  </resource>
  <resource identifier="RES-eXeUT_260c9975c262b2b0dac60" type="webcontent" adlcp:scormtype="sco" href="2716_bibliotecas.html"> 
    <file href="2716_bibliotecas.html"/> 
    <file href="exe_html5.js"/>
    <dependency identifierref="COMMON_FILES"/>
  </resource>
  <resource identifier="RES-eXeUT_260c9975c262b2b0dad62" type="webcontent" adlcp:scormtype="sco" href="2718_ejercicios.html"> 
    <file href="2718_ejercicios.html"/> 
    <file href="exe_html5.js"/>
    <dependency identifierref="COMMON_FILES"/>
  </resource>
  <resource identifier="RES-eXeUT_260c9975c262b2b0dad64" type="webcontent" adlcp:scormtype="sco" href="resumen.html"> 
    <file href="resumen.html"/> 
    <file href="exe_html5.js"/>
    <file href="map_1639329002258.png"/>
    <dependency identifierref="COMMON_FILES"/>
  </resource>
  <resource identifier="COMMON_FILES" type="webcontent" adlcp:scormtype="asset">
    <file href="config.xml"/>
    <file href="content.css"/>
    <file href="icon_activity.png"/>
    <file href="icon_agreement.png"/>
    <file href="icon_alert.png"/>
    <file href="icon_arts.png"/>
    <file href="icon_ask.png"/>
    <file href="icon_book.png"/>
    <file href="icon_calculate.png"/>
    <file href="icon_case.png"/>
    <file href="icon_collaborative.png"/>
    <file href="icon_competencies.png"/>
    <file href="icon_diary.png"/>
    <file href="icon_discuss.png"/>
    <file href="icon_download.png"/>
    <file href="icon_draw.png"/>
    <file href="icon_english.png"/>
    <file href="icon_experiment.png"/>
    <file href="icon_explore.png"/>
    <file href="icon_file.png"/>
    <file href="icon_gallery.png"/>
    <file href="icon_geography.png"/>
    <file href="icon_history.png"/>
    <file href="icon_info.png"/>
    <file href="icon_interactive.png"/>
    <file href="icon_letters.png"/>
    <file href="icon_listen.png"/>
    <file href="icon_math.png"/>
    <file href="icon_music.png"/>
    <file href="icon_nature.png"/>
    <file href="icon_objectives.png"/>
    <file href="icon_observe.png"/>
    <file href="icon_perform.png"/>
    <file href="icon_piece.png"/>
    <file href="icon_pieces.png"/>
    <file href="icon_play.png"/>
    <file href="icon_present.png"/>
    <file href="icon_reflection.png"/>
    <file href="icon_share.png"/>
    <file href="icon_sport.png"/>
    <file href="icon_start.png"/>
    <file href="icon_technology.png"/>
    <file href="icon_think.png"/>
    <file href="icon_video.png"/>
    <file href="nav.css"/>
    <file href="quicksand-regular-latin-ext.woff2"/>
    <file href="quicksand-regular-latin.woff2"/>
    <file href="quicksand-regular-vietnamese.woff2"/>
    <file href="_cedec_external_link.png"/>
    <file href="_cedec_icons.png"/>
    <file href="_cedec_icon_alert.png"/>
    <file href="_cedec_icon_danger.png"/>
    <file href="_cedec_icon_info.png"/>
    <file href="_cedec_icon_success.png"/>
    <file href="_cedec_icon_warning.png"/>
    <file href="_cedec_js.js"/>
    <file href="_cedec_left_column.gif"/>
    <file href="_cedec_licenses.gif"/>
    <file href="_cedec_loading.gif"/>
    <file href="_cedec_menu.gif"/>
    <file href="_cedec_pbl_duration.png"/>
    <file href="_cedec_pbl_participants.png"/>
    <file href="_cedec_print.gif"/>
    <file href="base.css"/>
    <file href="popup_bg.gif"/>
    <file href="SCORM_API_wrapper.js"/>
    <file href="SCOFunctions.js"/>
    <file href="common.js"/>
    <file href="common_i18n.js"/>
    <file href="exe_jquery.js"/>
    <file href="content.xsd"/>
    <file href="content.data"/>
    <file href="contentv3.xml"/>
    <file href="imslrm.xml"/>
  </resource>
</resources>
</manifest>
