<?xml version="1.0" encoding="UTF-8"?>
<!-- Generated by eXe - http://exelearning.net -->
<manifest identifier="eXeUT_160c9975c262878c4851" xmlns="http://www.imsproject.org/xsd/imscp_rootv1p1p2" xmlns:adlcp="http://www.adlnet.org/xsd/adlcp_rootv1p2" xmlns:imsmd="http://www.imsglobal.org/xsd/imsmd_v1p2" xmlns:xsi="http://www.w3.org/2001/XMLSchema-instance" xsi:schemaLocation="http://www.imsproject.org/xsd/imscp_rootv1p1p2 imscp_rootv1p1p2.xsd http://www.imsglobal.org/xsd/imsmd_rootv1p2p1 imsmd_rootv1p2p1.xsd http://www.adlnet.org/xsd/adlcp_rootv1p2 adlcp_rootv1p2.xsd" > 
<metadata> 
 <schema>ADL SCORM</schema> 
 <schemaversion>1.2</schemaversion> 
 <adlcp:location>imslrm.xml</adlcp:location> 
</metadata> 
<organizations default="eXeUT_160c9975c262878c4852">  
    <organization identifier="eXeUT_160c9975c262878c4852" structure="hierarchical">
        <title>1º DAW - Programación - UT 1</title>
<item identifier="ITEM-eXeUT_160c9975c262878c4853" isvisible="true" identifierref="RES-eXeUT_160c9975c262878c4854">
    <title>U.T. 1 Introducción</title>
<item identifier="ITEM-eXeUT_160c9975c262878c4855" isvisible="true" identifierref="RES-eXeUT_160c9975c262878c4856">
    <title>Orientaciones</title>
</item>
<item identifier="ITEM-eXeUT_160c9975c262878c4857" isvisible="true" identifierref="RES-eXeUT_160c9975c262878c4858">
    <title>1.1 El origen de la informática</title>
</item>
<item identifier="ITEM-eXeUT_160c9975c262878c4869" isvisible="true" identifierref="RES-eXeUT_160c9975c262878c486a">
    <title>1.2. Conceptos informáticos básicos</title>
</item>
<item identifier="ITEM-eXeUT_160c9975c262878c486b" isvisible="true" identifierref="RES-eXeUT_160c9975c262878c486c">
    <title>1.3. Clasificación del Software</title>
</item>
<item identifier="ITEM-eXeUT_160c9975c262878c486d" isvisible="true" identifierref="RES-eXeUT_160c9975c262878c486e">
    <title>1.4. Qué es la programación</title>
<item identifier="ITEM-eXeUT_160c9975c262878c486f" isvisible="true" identifierref="RES-eXeUT_160c9975c262878c48610">
    <title>1.4.1. Concepto</title>
</item>
<item identifier="ITEM-eXeUT_160c9975c262878c48711" isvisible="true" identifierref="RES-eXeUT_160c9975c262878c48712">
    <title>1.4.2. Paradigmas de la programación</title>
</item>
<item identifier="ITEM-eXeUT_160c9975c262878c48713" isvisible="true" identifierref="RES-eXeUT_160c9975c262878c48714">
    <title>1.4.4. Uso de pseInt</title>
</item>
</item>
<item identifier="ITEM-eXeUT_160c9975c262878c48715" isvisible="true" identifierref="RES-eXeUT_160c9975c262878c48716">
    <title>1.5. Qué es un algoritmo</title>
<item identifier="ITEM-eXeUT_160c9975c262878c48917" isvisible="true" identifierref="RES-eXeUT_160c9975c262878c48918">
    <title>Ejercicios</title>
</item>
<item identifier="ITEM-eXeUT_160c9975c262878c48919" isvisible="true" identifierref="RES-eXeUT_160c9975c262878c4891a">
    <title>Ejercicios</title>
</item>
</item>
<item identifier="ITEM-eXeUT_160c9975c262878c48a1b" isvisible="true" identifierref="RES-eXeUT_160c9975c262878c48a1c">
    <title>1.6. Representación de algoritmos</title>
<item identifier="ITEM-eXeUT_160c9975c262878c48a1d" isvisible="true" identifierref="RES-eXeUT_160c9975c262878c48a1e">
    <title>1.6.1 Elementos de los algoritmos</title>
</item>
<item identifier="ITEM-eXeUT_160c9975c262878c48a1f" isvisible="true" identifierref="RES-eXeUT_160c9975c262878c48a20">
    <title>1.6.2. Diagramas de flujo</title>
<item identifier="ITEM-eXeUT_160c9975c262878c48b21" isvisible="true" identifierref="RES-eXeUT_160c9975c262878c48b22">
    <title>Elementos de los diagramas de flujo</title>
</item>
<item identifier="ITEM-eXeUT_160c9975c262878c48b23" isvisible="true" identifierref="RES-eXeUT_160c9975c262878c48b24">
    <title>Símbolos secuencial y condicionales</title>
</item>
<item identifier="ITEM-eXeUT_160c9975c262878c48b25" isvisible="true" identifierref="RES-eXeUT_160c9975c262878c48b26">
    <title>Símbolos de bucles</title>
</item>
<item identifier="ITEM-eXeUT_160c9975c262878c48b27" isvisible="true" identifierref="RES-eXeUT_160c9975c262878c48b28">
    <title>Símbolos de funciones</title>
</item>
<item identifier="ITEM-eXeUT_160c9975c262878c48b29" isvisible="true" identifierref="RES-eXeUT_160c9975c262878c48b2a">
    <title>Ejemplo</title>
</item>
<item identifier="ITEM-eXeUT_160c9975c262878c48c2b" isvisible="true" identifierref="RES-eXeUT_160c9975c262878c48c2c">
    <title>Ejercicios</title>
</item>
<item identifier="ITEM-eXeUT_160c9975c262878c48c2d" isvisible="true" identifierref="RES-eXeUT_160c9975c262878c48c2e">
    <title>Ejercicios</title>
</item>
<item identifier="ITEM-eXeUT_160c9975c262878c48d2f" isvisible="true" identifierref="RES-eXeUT_160c9975c262878c48d30">
    <title>Ejercicios</title>
</item>
</item>
<item identifier="ITEM-eXeUT_160c9975c262878c48d31" isvisible="true" identifierref="RES-eXeUT_160c9975c262878c48d32">
    <title>1.6.3. Pseudocódigo</title>
<item identifier="ITEM-eXeUT_160c9975c262878c48e33" isvisible="true" identifierref="RES-eXeUT_160c9975c262878c48e34">
    <title>Secuencial y Condicional</title>
</item>
<item identifier="ITEM-eXeUT_160c9975c262878c48e35" isvisible="true" identifierref="RES-eXeUT_160c9975c262878c48e36">
    <title>Bucles</title>
</item>
<item identifier="ITEM-eXeUT_160c9975c262878c48e37" isvisible="true" identifierref="RES-eXeUT_160c9975c262878c48e38">
    <title>Ejemplo</title>
</item>
<item identifier="ITEM-eXeUT_160c9975c262878c48e39" isvisible="true" identifierref="RES-eXeUT_160c9975c262878c48e3a">
    <title>Ejercicios</title>
</item>
<item identifier="ITEM-eXeUT_160c9975c262878c48f3b" isvisible="true" identifierref="RES-eXeUT_160c9975c262878c48f3c">
    <title>Ejercicios</title>
</item>
<item identifier="ITEM-eXeUT_160c9975c262878c48f3d" isvisible="true" identifierref="RES-eXeUT_160c9975c262878c48f3e">
    <title>Ejercicios</title>
</item>
</item>
</item>
<item identifier="ITEM-eXeUT_160c9975c262878c4903f" isvisible="true" identifierref="RES-eXeUT_160c9975c262878c49040">
    <title>1.7. Rendimiento de los algoritmos</title>
<item identifier="ITEM-eXeUT_160c9975c262878c49041" isvisible="true" identifierref="RES-eXeUT_160c9975c262878c49042">
    <title>1.7.1 Órdenes de complejidad</title>
</item>
</item>
<item identifier="ITEM-eXeUT_160c9975c262878c49043" isvisible="true" identifierref="RES-eXeUT_160c9975c262878c49044">
    <title>1.8. Codificación y ejecución</title>
<item identifier="ITEM-eXeUT_160c9975c262878c49045" isvisible="true" identifierref="RES-eXeUT_160c9975c262878c49046">
    <title>1.8.1 Clasificación de los lenguajes</title>
</item>
</item>
<item identifier="ITEM-eXeUT_160c9975c262878c49047" isvisible="true" identifierref="RES-eXeUT_160c9975c262878c49048">
    <title>1.9. Documentación de los programas</title>
</item>
<item identifier="ITEM-eXeUT_160c9975c262878c49149" isvisible="true" identifierref="RES-eXeUT_160c9975c262878c4914a">
    <title>1.10 Ciclo de Vida del Software</title>
</item>
<item identifier="ITEM-eXeUT_160c9975c262878c4914b" isvisible="true" identifierref="RES-eXeUT_160c9975c262878c4914c">
    <title>Resumen</title>
</item>
</item>
  </organization>
</organizations>
<resources>
  <resource identifier="RES-eXeUT_160c9975c262878c4854" type="webcontent" adlcp:scormtype="sco" href="index.html"> 
    <file href="index.html"/> 
    <file href="exe_html5.js"/>
    <dependency identifierref="COMMON_FILES"/>
  </resource>
  <resource identifier="RES-eXeUT_160c9975c262878c4856" type="webcontent" adlcp:scormtype="sco" href="orientaciones.html"> 
    <file href="orientaciones.html"/> 
    <file href="exe_html5.js"/>
    <dependency identifierref="COMMON_FILES"/>
  </resource>
  <resource identifier="RES-eXeUT_160c9975c262878c4858" type="webcontent" adlcp:scormtype="sco" href="11_el_origen_de_la_informtica.html"> 
    <file href="11_el_origen_de_la_informtica.html"/> 
    <file href="exe_html5.js"/>
    <file href="00.jpg"/>
    <dependency identifierref="COMMON_FILES"/>
  </resource>
  <resource identifier="RES-eXeUT_160c9975c262878c486a" type="webcontent" adlcp:scormtype="sco" href="12_conceptos_informticos_bsicos.html"> 
    <file href="12_conceptos_informticos_bsicos.html"/> 
    <file href="exe_html5.js"/>
    <dependency identifierref="COMMON_FILES"/>
  </resource>
  <resource identifier="RES-eXeUT_160c9975c262878c486c" type="webcontent" adlcp:scormtype="sco" href="13_clasificacin_del_software.html"> 
    <file href="13_clasificacin_del_software.html"/> 
    <file href="exe_html5.js"/>
    <dependency identifierref="COMMON_FILES"/>
  </resource>
  <resource identifier="RES-eXeUT_160c9975c262878c486e" type="webcontent" adlcp:scormtype="sco" href="14_qu_es_la_programacin.html"> 
    <file href="14_qu_es_la_programacin.html"/> 
    <file href="exe_html5.js"/>
    <dependency identifierref="COMMON_FILES"/>
  </resource>
  <resource identifier="RES-eXeUT_160c9975c262878c48610" type="webcontent" adlcp:scormtype="sco" href="141_concepto.html"> 
    <file href="141_concepto.html"/> 
    <file href="exe_html5.js"/>
    <dependency identifierref="COMMON_FILES"/>
  </resource>
  <resource identifier="RES-eXeUT_160c9975c262878c48712" type="webcontent" adlcp:scormtype="sco" href="142_paradigmas_de_la_programacin.html"> 
    <file href="142_paradigmas_de_la_programacin.html"/> 
    <file href="exe_html5.js"/>
    <dependency identifierref="COMMON_FILES"/>
  </resource>
  <resource identifier="RES-eXeUT_160c9975c262878c48714" type="webcontent" adlcp:scormtype="sco" href="144_uso_de_pseint.html"> 
    <file href="144_uso_de_pseint.html"/> 
    <file href="exe_html5.js"/>
    <file href="03.png"/>
    <file href="04.png"/>
    <dependency identifierref="COMMON_FILES"/>
  </resource>
  <resource identifier="RES-eXeUT_160c9975c262878c48716" type="webcontent" adlcp:scormtype="sco" href="15_qu_es_un_algoritmo.html"> 
    <file href="15_qu_es_un_algoritmo.html"/> 
    <file href="exe_html5.js"/>
    <file href="01.png"/>
    <file href="02.jpg"/>
    <dependency identifierref="COMMON_FILES"/>
  </resource>
  <resource identifier="RES-eXeUT_160c9975c262878c48918" type="webcontent" adlcp:scormtype="sco" href="ejercicios.html"> 
    <file href="ejercicios.html"/> 
    <file href="exe_html5.js"/>
    <dependency identifierref="COMMON_FILES"/>
  </resource>
  <resource identifier="RES-eXeUT_160c9975c262878c4891a" type="webcontent" adlcp:scormtype="sco" href="ejercicios0.html"> 
    <file href="ejercicios0.html"/> 
    <file href="exe_html5.js"/>
    <dependency identifierref="COMMON_FILES"/>
  </resource>
  <resource identifier="RES-eXeUT_160c9975c262878c48a1c" type="webcontent" adlcp:scormtype="sco" href="16_representacin_de_algoritmos.html"> 
    <file href="16_representacin_de_algoritmos.html"/> 
    <file href="exe_html5.js"/>
    <dependency identifierref="COMMON_FILES"/>
  </resource>
  <resource identifier="RES-eXeUT_160c9975c262878c48a1e" type="webcontent" adlcp:scormtype="sco" href="161_elementos_de_los_algoritmos.html"> 
    <file href="161_elementos_de_los_algoritmos.html"/> 
    <file href="exe_html5.js"/>
    <dependency identifierref="COMMON_FILES"/>
  </resource>
  <resource identifier="RES-eXeUT_160c9975c262878c48a20" type="webcontent" adlcp:scormtype="sco" href="162_diagramas_de_flujo.html"> 
    <file href="162_diagramas_de_flujo.html"/> 
    <file href="exe_html5.js"/>
    <file href="13.png"/>
    <file href="05.png"/>
    <dependency identifierref="COMMON_FILES"/>
  </resource>
  <resource identifier="RES-eXeUT_160c9975c262878c48b22" type="webcontent" adlcp:scormtype="sco" href="elementos_de_los_diagramas_de_flujo.html"> 
    <file href="elementos_de_los_diagramas_de_flujo.html"/> 
    <file href="exe_html5.js"/>
    <file href="07.png"/>
    <file href="06.png"/>
    <dependency identifierref="COMMON_FILES"/>
  </resource>
  <resource identifier="RES-eXeUT_160c9975c262878c48b24" type="webcontent" adlcp:scormtype="sco" href="smbolos_secuencial_y_condicionales.html"> 
    <file href="smbolos_secuencial_y_condicionales.html"/> 
    <file href="exe_html5.js"/>
    <file href="09.png"/>
    <file href="08.png"/>
    <dependency identifierref="COMMON_FILES"/>
  </resource>
  <resource identifier="RES-eXeUT_160c9975c262878c48b26" type="webcontent" adlcp:scormtype="sco" href="smbolos_de_bucles.html"> 
    <file href="smbolos_de_bucles.html"/> 
    <file href="exe_html5.js"/>
    <file href="10.png"/>
    <file href="11.png"/>
    <dependency identifierref="COMMON_FILES"/>
  </resource>
  <resource identifier="RES-eXeUT_160c9975c262878c48b28" type="webcontent" adlcp:scormtype="sco" href="smbolos_de_funciones.html"> 
    <file href="smbolos_de_funciones.html"/> 
    <file href="exe_html5.js"/>
    <file href="12.png"/>
    <dependency identifierref="COMMON_FILES"/>
  </resource>
  <resource identifier="RES-eXeUT_160c9975c262878c48b2a" type="webcontent" adlcp:scormtype="sco" href="ejemplo.html"> 
    <file href="ejemplo.html"/> 
    <file href="exe_html5.js"/>
    <file href="13.png"/>
    <dependency identifierref="COMMON_FILES"/>
  </resource>
  <resource identifier="RES-eXeUT_160c9975c262878c48c2c" type="webcontent" adlcp:scormtype="sco" href="ejercicios1.html"> 
    <file href="ejercicios1.html"/> 
    <file href="exe_html5.js"/>
    <file href="18.png"/>
    <file href="16.png"/>
    <file href="17.png"/>
    <file href="14.png"/>
    <file href="15.png"/>
    <dependency identifierref="COMMON_FILES"/>
  </resource>
  <resource identifier="RES-eXeUT_160c9975c262878c48c2e" type="webcontent" adlcp:scormtype="sco" href="ejercicios2.html"> 
    <file href="ejercicios2.html"/> 
    <file href="exe_html5.js"/>
    <file href="19.png"/>
    <file href="21.png"/>
    <file href="20.png"/>
    <dependency identifierref="COMMON_FILES"/>
  </resource>
  <resource identifier="RES-eXeUT_160c9975c262878c48d30" type="webcontent" adlcp:scormtype="sco" href="ejercicios3.html"> 
    <file href="ejercicios3.html"/> 
    <file href="exe_html5.js"/>
    <file href="22.png"/>
    <dependency identifierref="COMMON_FILES"/>
  </resource>
  <resource identifier="RES-eXeUT_160c9975c262878c48d32" type="webcontent" adlcp:scormtype="sco" href="163_pseudocdigo.html"> 
    <file href="163_pseudocdigo.html"/> 
    <file href="exe_html5.js"/>
    <dependency identifierref="COMMON_FILES"/>
  </resource>
  <resource identifier="RES-eXeUT_160c9975c262878c48e34" type="webcontent" adlcp:scormtype="sco" href="secuencial_y_condicional.html"> 
    <file href="secuencial_y_condicional.html"/> 
    <file href="exe_html5.js"/>
    <file href="23.png"/>
    <dependency identifierref="COMMON_FILES"/>
  </resource>
  <resource identifier="RES-eXeUT_160c9975c262878c48e36" type="webcontent" adlcp:scormtype="sco" href="bucles.html"> 
    <file href="bucles.html"/> 
    <file href="exe_html5.js"/>
    <file href="24.png"/>
    <dependency identifierref="COMMON_FILES"/>
  </resource>
  <resource identifier="RES-eXeUT_160c9975c262878c48e38" type="webcontent" adlcp:scormtype="sco" href="ejemplo0.html"> 
    <file href="ejemplo0.html"/> 
    <file href="exe_html5.js"/>
    <dependency identifierref="COMMON_FILES"/>
  </resource>
  <resource identifier="RES-eXeUT_160c9975c262878c48e3a" type="webcontent" adlcp:scormtype="sco" href="ejercicios4.html"> 
    <file href="ejercicios4.html"/> 
    <file href="exe_html5.js"/>
    <file href="25.png"/>
    <dependency identifierref="COMMON_FILES"/>
  </resource>
  <resource identifier="RES-eXeUT_160c9975c262878c48f3c" type="webcontent" adlcp:scormtype="sco" href="ejercicios5.html"> 
    <file href="ejercicios5.html"/> 
    <file href="exe_html5.js"/>
    <dependency identifierref="COMMON_FILES"/>
  </resource>
  <resource identifier="RES-eXeUT_160c9975c262878c48f3e" type="webcontent" adlcp:scormtype="sco" href="ejercicios6.html"> 
    <file href="ejercicios6.html"/> 
    <file href="exe_html5.js"/>
    <dependency identifierref="COMMON_FILES"/>
  </resource>
  <resource identifier="RES-eXeUT_160c9975c262878c49040" type="webcontent" adlcp:scormtype="sco" href="17_rendimiento_de_los_algoritmos.html"> 
    <file href="17_rendimiento_de_los_algoritmos.html"/> 
    <file href="exe_html5.js"/>
    <dependency identifierref="COMMON_FILES"/>
  </resource>
  <resource identifier="RES-eXeUT_160c9975c262878c49042" type="webcontent" adlcp:scormtype="sco" href="171_rdenes_de_complejidad.html"> 
    <file href="171_rdenes_de_complejidad.html"/> 
    <file href="exe_html5.js"/>
    <file href="26.png"/>
    <dependency identifierref="COMMON_FILES"/>
  </resource>
  <resource identifier="RES-eXeUT_160c9975c262878c49044" type="webcontent" adlcp:scormtype="sco" href="18_codificacin_y_ejecucin.html"> 
    <file href="18_codificacin_y_ejecucin.html"/> 
    <file href="exe_html5.js"/>
    <dependency identifierref="COMMON_FILES"/>
  </resource>
  <resource identifier="RES-eXeUT_160c9975c262878c49046" type="webcontent" adlcp:scormtype="sco" href="181_clasificacin_de_los_lenguajes.html"> 
    <file href="181_clasificacin_de_los_lenguajes.html"/> 
    <file href="exe_html5.js"/>
    <file href="27.png"/>
    <dependency identifierref="COMMON_FILES"/>
  </resource>
  <resource identifier="RES-eXeUT_160c9975c262878c49048" type="webcontent" adlcp:scormtype="sco" href="19_documentacin_de_los_programas.html"> 
    <file href="19_documentacin_de_los_programas.html"/> 
    <file href="exe_html5.js"/>
    <file href="28.png"/>
    <dependency identifierref="COMMON_FILES"/>
  </resource>
  <resource identifier="RES-eXeUT_160c9975c262878c4914a" type="webcontent" adlcp:scormtype="sco" href="110_ciclo_de_vida_del_software.html"> 
    <file href="110_ciclo_de_vida_del_software.html"/> 
    <file href="exe_html5.js"/>
    <file href="29.png"/>
    <dependency identifierref="COMMON_FILES"/>
  </resource>
  <resource identifier="RES-eXeUT_160c9975c262878c4914c" type="webcontent" adlcp:scormtype="sco" href="resumen.html"> 
    <file href="resumen.html"/> 
    <file href="exe_html5.js"/>
    <file href="map_1638876686411.png"/>
    <dependency identifierref="COMMON_FILES"/>
  </resource>
  <resource identifier="COMMON_FILES" type="webcontent" adlcp:scormtype="asset">
    <file href="config.xml"/>
    <file href="content.css"/>
    <file href="icon_activity.png"/>
    <file href="icon_agreement.png"/>
    <file href="icon_alert.png"/>
    <file href="icon_arts.png"/>
    <file href="icon_ask.png"/>
    <file href="icon_book.png"/>
    <file href="icon_calculate.png"/>
    <file href="icon_case.png"/>
    <file href="icon_collaborative.png"/>
    <file href="icon_competencies.png"/>
    <file href="icon_diary.png"/>
    <file href="icon_discuss.png"/>
    <file href="icon_download.png"/>
    <file href="icon_draw.png"/>
    <file href="icon_english.png"/>
    <file href="icon_experiment.png"/>
    <file href="icon_explore.png"/>
    <file href="icon_file.png"/>
    <file href="icon_gallery.png"/>
    <file href="icon_geography.png"/>
    <file href="icon_history.png"/>
    <file href="icon_info.png"/>
    <file href="icon_interactive.png"/>
    <file href="icon_letters.png"/>
    <file href="icon_listen.png"/>
    <file href="icon_math.png"/>
    <file href="icon_music.png"/>
    <file href="icon_nature.png"/>
    <file href="icon_objectives.png"/>
    <file href="icon_observe.png"/>
    <file href="icon_perform.png"/>
    <file href="icon_piece.png"/>
    <file href="icon_pieces.png"/>
    <file href="icon_play.png"/>
    <file href="icon_present.png"/>
    <file href="icon_reflection.png"/>
    <file href="icon_share.png"/>
    <file href="icon_sport.png"/>
    <file href="icon_start.png"/>
    <file href="icon_technology.png"/>
    <file href="icon_think.png"/>
    <file href="icon_video.png"/>
    <file href="nav.css"/>
    <file href="quicksand-regular-latin-ext.woff2"/>
    <file href="quicksand-regular-latin.woff2"/>
    <file href="quicksand-regular-vietnamese.woff2"/>
    <file href="_cedec_external_link.png"/>
    <file href="_cedec_icons.png"/>
    <file href="_cedec_icon_alert.png"/>
    <file href="_cedec_icon_danger.png"/>
    <file href="_cedec_icon_info.png"/>
    <file href="_cedec_icon_success.png"/>
    <file href="_cedec_icon_warning.png"/>
    <file href="_cedec_js.js"/>
    <file href="_cedec_left_column.gif"/>
    <file href="_cedec_licenses.gif"/>
    <file href="_cedec_loading.gif"/>
    <file href="_cedec_menu.gif"/>
    <file href="_cedec_pbl_duration.png"/>
    <file href="_cedec_pbl_participants.png"/>
    <file href="_cedec_print.gif"/>
    <file href="base.css"/>
    <file href="popup_bg.gif"/>
    <file href="SCORM_API_wrapper.js"/>
    <file href="SCOFunctions.js"/>
    <file href="common.js"/>
    <file href="common_i18n.js"/>
    <file href="exe_jquery.js"/>
    <file href="content.xsd"/>
    <file href="content.data"/>
    <file href="contentv3.xml"/>
    <file href="imslrm.xml"/>
  </resource>
</resources>
</manifest>
