<?xml version="1.0" encoding="UTF-8"?>
<!-- Generated by eXe - http://exelearning.net -->
<manifest identifier="eXeUT_960c9975c2633bde64237" xmlns="http://www.imsproject.org/xsd/imscp_rootv1p1p2" xmlns:adlcp="http://www.adlnet.org/xsd/adlcp_rootv1p2" xmlns:imsmd="http://www.imsglobal.org/xsd/imsmd_v1p2" xmlns:xsi="http://www.w3.org/2001/XMLSchema-instance" xsi:schemaLocation="http://www.imsproject.org/xsd/imscp_rootv1p1p2 imscp_rootv1p1p2.xsd http://www.imsglobal.org/xsd/imsmd_rootv1p2p1 imsmd_rootv1p2p1.xsd http://www.adlnet.org/xsd/adlcp_rootv1p2 adlcp_rootv1p2.xsd" > 
<metadata> 
 <schema>ADL SCORM</schema> 
 <schemaversion>1.2</schemaversion> 
 <adlcp:location>imslrm.xml</adlcp:location> 
</metadata> 
<organizations default="eXeUT_960c9975c2633bde64238">  
    <organization identifier="eXeUT_960c9975c2633bde64238" structure="hierarchical">
        <title>1º DAW - Programación - UT 9</title>
<item identifier="ITEM-eXeUT_960c9975c2633bde64239" isvisible="true" identifierref="RES-eXeUT_960c9975c2633bde6423a">
    <title>U.T. 9 Interfaces gráficos</title>
<item identifier="ITEM-eXeUT_960c9975c2633bde6423b" isvisible="true" identifierref="RES-eXeUT_960c9975c2633bde6423c">
    <title>Orientaciones</title>
</item>
<item identifier="ITEM-eXeUT_960c9975c2633bde6423d" isvisible="true" identifierref="RES-eXeUT_960c9975c2633bde6423e">
    <title>9.1. Introducción</title>
</item>
<item identifier="ITEM-eXeUT_960c9975c2633bde6423f" isvisible="true" identifierref="RES-eXeUT_960c9975c2633bde64240">
    <title>9.2. Diseño dirigido a eventos</title>
</item>
<item identifier="ITEM-eXeUT_960c9975c2633bde64241" isvisible="true" identifierref="RES-eXeUT_960c9975c2633bde64242">
    <title>9.3. Componentes</title>
</item>
<item identifier="ITEM-eXeUT_960c9975c2633bde64343" isvisible="true" identifierref="RES-eXeUT_960c9975c2633bde64344">
    <title>9.4. Librerías</title>
</item>
<item identifier="ITEM-eXeUT_960c9975c2633bde64345" isvisible="true" identifierref="RES-eXeUT_960c9975c2633bde64346">
    <title>9.5. Programación GUI Básica</title>
<item identifier="ITEM-eXeUT_960c9975c2633bde64347" isvisible="true" identifierref="RES-eXeUT_960c9975c2633bde64348">
    <title>9.5.1. Primeros pasos con el GUI</title>
</item>
<item identifier="ITEM-eXeUT_960c9975c2633bde64449" isvisible="true" identifierref="RES-eXeUT_960c9975c2633bde6444a">
    <title>9.5.2. Eventos QT</title>
</item>
<item identifier="ITEM-eXeUT_960c9975c2633bde6444b" isvisible="true" identifierref="RES-eXeUT_960c9975c2633bde6444c">
    <title>9.5.2. Elementos de la ventana principal</title>
</item>
<item identifier="ITEM-eXeUT_960c9975c2633bde6444d" isvisible="true" identifierref="RES-eXeUT_960c9975c2633bde6444e">
    <title>9.5.3. Eventos y mensajes</title>
</item>
<item identifier="ITEM-eXeUT_960c9975c2633bde6444f" isvisible="true" identifierref="RES-eXeUT_960c9975c2633bde64450">
    <title>9.5.4. Diálogos</title>
</item>
<item identifier="ITEM-eXeUT_960c9975c2633bde64451" isvisible="true" identifierref="RES-eXeUT_960c9975c2633bde64452">
    <title>9.5.5. Controles</title>
</item>
<item identifier="ITEM-eXeUT_960c9975c2633bde64453" isvisible="true" identifierref="RES-eXeUT_960c9975c2633bde64454">
    <title>9.5.6. Controles avanzados</title>
</item>
<item identifier="ITEM-eXeUT_960c9975c2633bde64555" isvisible="true" identifierref="RES-eXeUT_960c9975c2633bde64556">
    <title>9.5.7. Layouts</title>
</item>
<item identifier="ITEM-eXeUT_960c9975c2633bde64557" isvisible="true" identifierref="RES-eXeUT_960c9975c2633bde64558">
    <title>9.5.8. Ejemplo</title>
</item>
<item identifier="ITEM-eXeUT_960c9975c2633bde64559" isvisible="true" identifierref="RES-eXeUT_960c9975c2633bde6455a">
    <title>9.5.9. Otros recursos</title>
</item>
</item>
<item identifier="ITEM-eXeUT_960c9975c2633bde6465b" isvisible="true" identifierref="RES-eXeUT_960c9975c2633bde6465c">
    <title>9.6. Ejercicios</title>
<item identifier="ITEM-eXeUT_960c9975c2633bde6465d" isvisible="true" identifierref="RES-eXeUT_960c9975c2633bde6465e">
    <title>9.6.1. Ejercicio 1</title>
</item>
<item identifier="ITEM-eXeUT_960c9975c2633bde6465f" isvisible="true" identifierref="RES-eXeUT_960c9975c2633bde64660">
    <title>9.6.2. Ejercicio 2</title>
</item>
<item identifier="ITEM-eXeUT_960c9975c2633bde64661" isvisible="true" identifierref="RES-eXeUT_960c9975c2633bde64662">
    <title>9.6.3. Ejercicio 3</title>
</item>
<item identifier="ITEM-eXeUT_960c9975c2633bde64663" isvisible="true" identifierref="RES-eXeUT_960c9975c2633bde64664">
    <title>9.6.4. Ejercicio 4</title>
</item>
<item identifier="ITEM-eXeUT_960c9975c2633bde64665" isvisible="true" identifierref="RES-eXeUT_960c9975c2633bde64666">
    <title>9.6.5. Ejercicio 5</title>
</item>
<item identifier="ITEM-eXeUT_960c9975c2633bde64667" isvisible="true" identifierref="RES-eXeUT_960c9975c2633bde64668">
    <title>9.6.6. Ejercicio 6</title>
</item>
<item identifier="ITEM-eXeUT_960c9975c2633bde64769" isvisible="true" identifierref="RES-eXeUT_960c9975c2633bde6476a">
    <title>9.6.7. Ejercicio 7</title>
</item>
<item identifier="ITEM-eXeUT_960c9975c2633bde6476b" isvisible="true" identifierref="RES-eXeUT_960c9975c2633bde6476c">
    <title>9.6.8. Ejercicio 8</title>
</item>
</item>
</item>
  </organization>
</organizations>
<resources>
  <resource identifier="RES-eXeUT_960c9975c2633bde6423a" type="webcontent" adlcp:scormtype="sco" href="index.html"> 
    <file href="index.html"/> 
    <file href="exe_html5.js"/>
    <dependency identifierref="COMMON_FILES"/>
  </resource>
  <resource identifier="RES-eXeUT_960c9975c2633bde6423c" type="webcontent" adlcp:scormtype="sco" href="orientaciones.html"> 
    <file href="orientaciones.html"/> 
    <file href="exe_html5.js"/>
    <dependency identifierref="COMMON_FILES"/>
  </resource>
  <resource identifier="RES-eXeUT_960c9975c2633bde6423e" type="webcontent" adlcp:scormtype="sco" href="91_introduccin.html"> 
    <file href="91_introduccin.html"/> 
    <file href="exe_html5.js"/>
    <file href="00.png"/>
    <dependency identifierref="COMMON_FILES"/>
  </resource>
  <resource identifier="RES-eXeUT_960c9975c2633bde64240" type="webcontent" adlcp:scormtype="sco" href="92_diseo_dirigido_a_eventos.html"> 
    <file href="92_diseo_dirigido_a_eventos.html"/> 
    <file href="exe_html5.js"/>
    <file href="01.png"/>
    <file href="04.png"/>
    <dependency identifierref="COMMON_FILES"/>
  </resource>
  <resource identifier="RES-eXeUT_960c9975c2633bde64242" type="webcontent" adlcp:scormtype="sco" href="93_componentes.html"> 
    <file href="93_componentes.html"/> 
    <file href="exe_html5.js"/>
    <file href="02.png"/>
    <dependency identifierref="COMMON_FILES"/>
  </resource>
  <resource identifier="RES-eXeUT_960c9975c2633bde64344" type="webcontent" adlcp:scormtype="sco" href="94_libreras.html"> 
    <file href="94_libreras.html"/> 
    <file href="exe_html5.js"/>
    <file href="05.png"/>
    <dependency identifierref="COMMON_FILES"/>
  </resource>
  <resource identifier="RES-eXeUT_960c9975c2633bde64346" type="webcontent" adlcp:scormtype="sco" href="95_programacin_gui_bsica.html"> 
    <file href="95_programacin_gui_bsica.html"/> 
    <file href="exe_html5.js"/>
    <file href="03.png"/>
    <dependency identifierref="COMMON_FILES"/>
  </resource>
  <resource identifier="RES-eXeUT_960c9975c2633bde64348" type="webcontent" adlcp:scormtype="sco" href="951_primeros_pasos_con_el_gui.html"> 
    <file href="951_primeros_pasos_con_el_gui.html"/> 
    <file href="exe_html5.js"/>
    <dependency identifierref="COMMON_FILES"/>
  </resource>
  <resource identifier="RES-eXeUT_960c9975c2633bde6444a" type="webcontent" adlcp:scormtype="sco" href="952_eventos_qt.html"> 
    <file href="952_eventos_qt.html"/> 
    <file href="exe_html5.js"/>
    <dependency identifierref="COMMON_FILES"/>
  </resource>
  <resource identifier="RES-eXeUT_960c9975c2633bde6444c" type="webcontent" adlcp:scormtype="sco" href="952_elementos_de_la_ventana_principal.html"> 
    <file href="952_elementos_de_la_ventana_principal.html"/> 
    <file href="exe_html5.js"/>
    <file href="06.png"/>
    <dependency identifierref="COMMON_FILES"/>
  </resource>
  <resource identifier="RES-eXeUT_960c9975c2633bde6444e" type="webcontent" adlcp:scormtype="sco" href="953_eventos_y_mensajes.html"> 
    <file href="953_eventos_y_mensajes.html"/> 
    <file href="exe_html5.js"/>
    <file href="08.png"/>
    <file href="07.png"/>
    <dependency identifierref="COMMON_FILES"/>
  </resource>
  <resource identifier="RES-eXeUT_960c9975c2633bde64450" type="webcontent" adlcp:scormtype="sco" href="954_dilogos.html"> 
    <file href="954_dilogos.html"/> 
    <file href="exe_html5.js"/>
    <file href="09.png"/>
    <dependency identifierref="COMMON_FILES"/>
  </resource>
  <resource identifier="RES-eXeUT_960c9975c2633bde64452" type="webcontent" adlcp:scormtype="sco" href="955_controles.html"> 
    <file href="955_controles.html"/> 
    <file href="exe_html5.js"/>
    <file href="10.png"/>
    <dependency identifierref="COMMON_FILES"/>
  </resource>
  <resource identifier="RES-eXeUT_960c9975c2633bde64454" type="webcontent" adlcp:scormtype="sco" href="956_controles_avanzados.html"> 
    <file href="956_controles_avanzados.html"/> 
    <file href="exe_html5.js"/>
    <dependency identifierref="COMMON_FILES"/>
  </resource>
  <resource identifier="RES-eXeUT_960c9975c2633bde64556" type="webcontent" adlcp:scormtype="sco" href="957_layouts.html"> 
    <file href="957_layouts.html"/> 
    <file href="exe_html5.js"/>
    <file href="12.png"/>
    <file href="11.png"/>
    <dependency identifierref="COMMON_FILES"/>
  </resource>
  <resource identifier="RES-eXeUT_960c9975c2633bde64558" type="webcontent" adlcp:scormtype="sco" href="958_ejemplo.html"> 
    <file href="958_ejemplo.html"/> 
    <file href="exe_html5.js"/>
    <file href="13.png"/>
    <dependency identifierref="COMMON_FILES"/>
  </resource>
  <resource identifier="RES-eXeUT_960c9975c2633bde6455a" type="webcontent" adlcp:scormtype="sco" href="959_otros_recursos.html"> 
    <file href="959_otros_recursos.html"/> 
    <file href="exe_html5.js"/>
    <dependency identifierref="COMMON_FILES"/>
  </resource>
  <resource identifier="RES-eXeUT_960c9975c2633bde6465c" type="webcontent" adlcp:scormtype="sco" href="96_ejercicios.html"> 
    <file href="96_ejercicios.html"/> 
    <file href="exe_html5.js"/>
    <dependency identifierref="COMMON_FILES"/>
  </resource>
  <resource identifier="RES-eXeUT_960c9975c2633bde6465e" type="webcontent" adlcp:scormtype="sco" href="961_ejercicio_1.html"> 
    <file href="961_ejercicio_1.html"/> 
    <file href="exe_html5.js"/>
    <dependency identifierref="COMMON_FILES"/>
  </resource>
  <resource identifier="RES-eXeUT_960c9975c2633bde64660" type="webcontent" adlcp:scormtype="sco" href="962_ejercicio_2.html"> 
    <file href="962_ejercicio_2.html"/> 
    <file href="exe_html5.js"/>
    <dependency identifierref="COMMON_FILES"/>
  </resource>
  <resource identifier="RES-eXeUT_960c9975c2633bde64662" type="webcontent" adlcp:scormtype="sco" href="963_ejercicio_3.html"> 
    <file href="963_ejercicio_3.html"/> 
    <file href="exe_html5.js"/>
    <dependency identifierref="COMMON_FILES"/>
  </resource>
  <resource identifier="RES-eXeUT_960c9975c2633bde64664" type="webcontent" adlcp:scormtype="sco" href="964_ejercicio_4.html"> 
    <file href="964_ejercicio_4.html"/> 
    <file href="exe_html5.js"/>
    <dependency identifierref="COMMON_FILES"/>
  </resource>
  <resource identifier="RES-eXeUT_960c9975c2633bde64666" type="webcontent" adlcp:scormtype="sco" href="965_ejercicio_5.html"> 
    <file href="965_ejercicio_5.html"/> 
    <file href="exe_html5.js"/>
    <dependency identifierref="COMMON_FILES"/>
  </resource>
  <resource identifier="RES-eXeUT_960c9975c2633bde64668" type="webcontent" adlcp:scormtype="sco" href="966_ejercicio_6.html"> 
    <file href="966_ejercicio_6.html"/> 
    <file href="exe_html5.js"/>
    <dependency identifierref="COMMON_FILES"/>
  </resource>
  <resource identifier="RES-eXeUT_960c9975c2633bde6476a" type="webcontent" adlcp:scormtype="sco" href="967_ejercicio_7.html"> 
    <file href="967_ejercicio_7.html"/> 
    <file href="exe_html5.js"/>
    <dependency identifierref="COMMON_FILES"/>
  </resource>
  <resource identifier="RES-eXeUT_960c9975c2633bde6476c" type="webcontent" adlcp:scormtype="sco" href="968_ejercicio_8.html"> 
    <file href="968_ejercicio_8.html"/> 
    <file href="exe_html5.js"/>
    <dependency identifierref="COMMON_FILES"/>
  </resource>
  <resource identifier="COMMON_FILES" type="webcontent" adlcp:scormtype="asset">
    <file href="config.xml"/>
    <file href="content.css"/>
    <file href="icon_activity.png"/>
    <file href="icon_agreement.png"/>
    <file href="icon_alert.png"/>
    <file href="icon_arts.png"/>
    <file href="icon_ask.png"/>
    <file href="icon_book.png"/>
    <file href="icon_calculate.png"/>
    <file href="icon_case.png"/>
    <file href="icon_collaborative.png"/>
    <file href="icon_competencies.png"/>
    <file href="icon_diary.png"/>
    <file href="icon_discuss.png"/>
    <file href="icon_download.png"/>
    <file href="icon_draw.png"/>
    <file href="icon_english.png"/>
    <file href="icon_experiment.png"/>
    <file href="icon_explore.png"/>
    <file href="icon_file.png"/>
    <file href="icon_gallery.png"/>
    <file href="icon_geography.png"/>
    <file href="icon_history.png"/>
    <file href="icon_info.png"/>
    <file href="icon_interactive.png"/>
    <file href="icon_letters.png"/>
    <file href="icon_listen.png"/>
    <file href="icon_math.png"/>
    <file href="icon_music.png"/>
    <file href="icon_nature.png"/>
    <file href="icon_objectives.png"/>
    <file href="icon_observe.png"/>
    <file href="icon_perform.png"/>
    <file href="icon_piece.png"/>
    <file href="icon_pieces.png"/>
    <file href="icon_play.png"/>
    <file href="icon_present.png"/>
    <file href="icon_reflection.png"/>
    <file href="icon_share.png"/>
    <file href="icon_sport.png"/>
    <file href="icon_start.png"/>
    <file href="icon_technology.png"/>
    <file href="icon_think.png"/>
    <file href="icon_video.png"/>
    <file href="nav.css"/>
    <file href="quicksand-regular-latin-ext.woff2"/>
    <file href="quicksand-regular-latin.woff2"/>
    <file href="quicksand-regular-vietnamese.woff2"/>
    <file href="_cedec_external_link.png"/>
    <file href="_cedec_icons.png"/>
    <file href="_cedec_icon_alert.png"/>
    <file href="_cedec_icon_danger.png"/>
    <file href="_cedec_icon_info.png"/>
    <file href="_cedec_icon_success.png"/>
    <file href="_cedec_icon_warning.png"/>
    <file href="_cedec_js.js"/>
    <file href="_cedec_left_column.gif"/>
    <file href="_cedec_licenses.gif"/>
    <file href="_cedec_loading.gif"/>
    <file href="_cedec_menu.gif"/>
    <file href="_cedec_pbl_duration.png"/>
    <file href="_cedec_pbl_participants.png"/>
    <file href="_cedec_print.gif"/>
    <file href="base.css"/>
    <file href="popup_bg.gif"/>
    <file href="SCORM_API_wrapper.js"/>
    <file href="SCOFunctions.js"/>
    <file href="common.js"/>
    <file href="common_i18n.js"/>
    <file href="exe_jquery.js"/>
    <file href="content.xsd"/>
    <file href="content.data"/>
    <file href="contentv3.xml"/>
    <file href="imslrm.xml"/>
  </resource>
</resources>
</manifest>
