<?xml version="1.0" encoding="UTF-8"?>
<!-- Generated by eXe - http://exelearning.net -->
<manifest identifier="eXeUT_360c9975c262f3fb71285" xmlns="http://www.imsproject.org/xsd/imscp_rootv1p1p2" xmlns:adlcp="http://www.adlnet.org/xsd/adlcp_rootv1p2" xmlns:imsmd="http://www.imsglobal.org/xsd/imsmd_v1p2" xmlns:xsi="http://www.w3.org/2001/XMLSchema-instance" xsi:schemaLocation="http://www.imsproject.org/xsd/imscp_rootv1p1p2 imscp_rootv1p1p2.xsd http://www.imsglobal.org/xsd/imsmd_rootv1p2p1 imsmd_rootv1p2p1.xsd http://www.adlnet.org/xsd/adlcp_rootv1p2 adlcp_rootv1p2.xsd" > 
<metadata> 
 <schema>ADL SCORM</schema> 
 <schemaversion>1.2</schemaversion> 
 <adlcp:location>imslrm.xml</adlcp:location> 
</metadata> 
<organizations default="eXeUT_360c9975c262f3fb71286">  
    <organization identifier="eXeUT_360c9975c262f3fb71286" structure="hierarchical">
        <title>1º DAW - Programación - UT 3</title>
<item identifier="ITEM-eXeUT_360c9975c262f3fb71287" isvisible="true" identifierref="RES-eXeUT_360c9975c262f3fb71288">
    <title>U.T. 3 Estructuras de control</title>
<item identifier="ITEM-eXeUT_360c9975c262f3fb71289" isvisible="true" identifierref="RES-eXeUT_360c9975c262f3fb7128a">
    <title>Orientaciones</title>
</item>
<item identifier="ITEM-eXeUT_360c9975c262f3fb7128b" isvisible="true" identifierref="RES-eXeUT_360c9975c262f3fb7128c">
    <title>3.1. Introducción</title>
</item>
<item identifier="ITEM-eXeUT_360c9975c262f3fb7128d" isvisible="true" identifierref="RES-eXeUT_360c9975c262f3fb7128e">
    <title>3.2. Condiciones</title>
<item identifier="ITEM-eXeUT_360c9975c262f3fb7128f" isvisible="true" identifierref="RES-eXeUT_360c9975c262f3fb71290">
    <title>3.2.1. Operandos</title>
</item>
<item identifier="ITEM-eXeUT_360c9975c262f3fb71391" isvisible="true" identifierref="RES-eXeUT_360c9975c262f3fb71392">
    <title>3.2.2. Operadores</title>
</item>
<item identifier="ITEM-eXeUT_360c9975c262f3fb71393" isvisible="true" identifierref="RES-eXeUT_360c9975c262f3fb71394">
    <title>3.2.3 Uso de condiciones</title>
</item>
</item>
<item identifier="ITEM-eXeUT_360c9975c262f3fb71395" isvisible="true" identifierref="RES-eXeUT_360c9975c262f3fb71396">
    <title>3.3 Estructuras alternativas o de selección</title>
<item identifier="ITEM-eXeUT_360c9975c262f3fb71397" isvisible="true" identifierref="RES-eXeUT_360c9975c262f3fb71398">
    <title>3.3.1. Ejercicios</title>
</item>
</item>
<item identifier="ITEM-eXeUT_360c9975c262f3fb71499" isvisible="true" identifierref="RES-eXeUT_360c9975c262f3fb7149a">
    <title>3.4 Estructuras de repetición</title>
<item identifier="ITEM-eXeUT_360c9975c262f3fb7149b" isvisible="true" identifierref="RES-eXeUT_360c9975c262f3fb7149c">
    <title>3.4.1 Función range</title>
</item>
<item identifier="ITEM-eXeUT_360c9975c262f3fb7149d" isvisible="true" identifierref="RES-eXeUT_360c9975c262f3fb7149e">
    <title>3.4.2. Bucles</title>
</item>
<item identifier="ITEM-eXeUT_360c9975c262f3fb7149f" isvisible="true" identifierref="RES-eXeUT_360c9975c262f3fb714a0">
    <title>3.4.3. Ejercicios</title>
</item>
</item>
<item identifier="ITEM-eXeUT_360c9975c262f3fb715a1" isvisible="true" identifierref="RES-eXeUT_360c9975c262f3fb715a2">
    <title>3.5. Estructuras de salto</title>
<item identifier="ITEM-eXeUT_360c9975c262f3fb715a3" isvisible="true" identifierref="RES-eXeUT_360c9975c262f3fb715a4">
    <title>3.5.1. Break y continue</title>
</item>
<item identifier="ITEM-eXeUT_360c9975c262f3fb715a5" isvisible="true" identifierref="RES-eXeUT_360c9975c262f3fb715a6">
    <title>3.5.2. Ejercicios</title>
</item>
</item>
<item identifier="ITEM-eXeUT_360c9975c262f3fb715a7" isvisible="true" identifierref="RES-eXeUT_360c9975c262f3fb715a8">
    <title>3.6. Ejercicios</title>
</item>
<item identifier="ITEM-eXeUT_360c9975c262f3fb715a9" isvisible="true" identifierref="RES-eXeUT_360c9975c262f3fb715aa">
    <title>3.7. Prueba y depuración de programas</title>
<item identifier="ITEM-eXeUT_360c9975c262f3fb716ab" isvisible="true" identifierref="RES-eXeUT_360c9975c262f3fb716ac">
    <title>3.7.1. PyCharm</title>
</item>
<item identifier="ITEM-eXeUT_360c9975c262f3fb716ad" isvisible="true" identifierref="RES-eXeUT_360c9975c262f3fb716ae">
    <title>3.7.2. Elementos de la depuración</title>
</item>
<item identifier="ITEM-eXeUT_360c9975c262f3fb716af" isvisible="true" identifierref="RES-eXeUT_360c9975c262f3fb716b0">
    <title>3.7.3. Ejercicio</title>
</item>
</item>
<item identifier="ITEM-eXeUT_360c9975c262f3fb716b1" isvisible="true" identifierref="RES-eXeUT_360c9975c262f3fb716b2">
    <title>3.8. Documentación del código del programa</title>
<item identifier="ITEM-eXeUT_360c9975c262f3fb716b3" isvisible="true" identifierref="RES-eXeUT_360c9975c262f3fb716b4">
    <title>3.8.1. Cadenas de documentación</title>
</item>
<item identifier="ITEM-eXeUT_360c9975c262f3fb716b5" isvisible="true" identifierref="RES-eXeUT_360c9975c262f3fb716b6">
    <title>3.8.2. Conclusiones</title>
</item>
</item>
<item identifier="ITEM-eXeUT_360c9975c262f3fb717b7" isvisible="true" identifierref="RES-eXeUT_360c9975c262f3fb717b8">
    <title>3.9. Cuestiones de Estilo</title>
</item>
<item identifier="ITEM-eXeUT_360c9975c262f3fb717b9" isvisible="true" identifierref="RES-eXeUT_360c9975c262f3fb717ba">
    <title>3.10. Ejercicios</title>
</item>
<item identifier="ITEM-eXeUT_360c9975c262f3fb717bb" isvisible="true" identifierref="RES-eXeUT_360c9975c262f3fb717bc">
    <title>3.11. Programación modular</title>
<item identifier="ITEM-eXeUT_360c9975c262f3fb717bd" isvisible="true" identifierref="RES-eXeUT_360c9975c262f3fb717be">
    <title>3.11.1 Funciones</title>
</item>
<item identifier="ITEM-eXeUT_360c9975c262f3fb718bf" isvisible="true" identifierref="RES-eXeUT_360c9975c262f3fb718c0">
    <title>3.11.2 Juego del ahorcado</title>
</item>
<item identifier="ITEM-eXeUT_360c9975c262f3fb718c1" isvisible="true" identifierref="RES-eXeUT_360c9975c262f3fb718c2">
    <title>3.11.3 Recomendaciones</title>
</item>
</item>
<item identifier="ITEM-eXeUT_360c9975c262f3fb718c3" isvisible="true" identifierref="RES-eXeUT_360c9975c262f3fb718c4">
    <title>3.12. Ejercicios</title>
</item>
<item identifier="ITEM-eXeUT_360c9975c262f3fb719c5" isvisible="true" identifierref="RES-eXeUT_360c9975c262f3fb719c6">
    <title>Resumen</title>
</item>
</item>
  </organization>
</organizations>
<resources>
  <resource identifier="RES-eXeUT_360c9975c262f3fb71288" type="webcontent" adlcp:scormtype="sco" href="index.html"> 
    <file href="index.html"/> 
    <file href="exe_html5.js"/>
    <dependency identifierref="COMMON_FILES"/>
  </resource>
  <resource identifier="RES-eXeUT_360c9975c262f3fb7128a" type="webcontent" adlcp:scormtype="sco" href="orientaciones.html"> 
    <file href="orientaciones.html"/> 
    <file href="exe_html5.js"/>
    <dependency identifierref="COMMON_FILES"/>
  </resource>
  <resource identifier="RES-eXeUT_360c9975c262f3fb7128c" type="webcontent" adlcp:scormtype="sco" href="31_introduccin.html"> 
    <file href="31_introduccin.html"/> 
    <file href="exe_html5.js"/>
    <dependency identifierref="COMMON_FILES"/>
  </resource>
  <resource identifier="RES-eXeUT_360c9975c262f3fb7128e" type="webcontent" adlcp:scormtype="sco" href="32_condiciones.html"> 
    <file href="32_condiciones.html"/> 
    <file href="exe_html5.js"/>
    <dependency identifierref="COMMON_FILES"/>
  </resource>
  <resource identifier="RES-eXeUT_360c9975c262f3fb71290" type="webcontent" adlcp:scormtype="sco" href="321_operandos.html"> 
    <file href="321_operandos.html"/> 
    <file href="exe_html5.js"/>
    <dependency identifierref="COMMON_FILES"/>
  </resource>
  <resource identifier="RES-eXeUT_360c9975c262f3fb71392" type="webcontent" adlcp:scormtype="sco" href="322_operadores.html"> 
    <file href="322_operadores.html"/> 
    <file href="exe_html5.js"/>
    <dependency identifierref="COMMON_FILES"/>
  </resource>
  <resource identifier="RES-eXeUT_360c9975c262f3fb71394" type="webcontent" adlcp:scormtype="sco" href="323_uso_de_condiciones.html"> 
    <file href="323_uso_de_condiciones.html"/> 
    <file href="exe_html5.js"/>
    <dependency identifierref="COMMON_FILES"/>
  </resource>
  <resource identifier="RES-eXeUT_360c9975c262f3fb71396" type="webcontent" adlcp:scormtype="sco" href="33_estructuras_alternativas_o_de_seleccin.html"> 
    <file href="33_estructuras_alternativas_o_de_seleccin.html"/> 
    <file href="exe_html5.js"/>
    <file href="01.png"/>
    <file href="00.png"/>
    <file href="02.png"/>
    <dependency identifierref="COMMON_FILES"/>
  </resource>
  <resource identifier="RES-eXeUT_360c9975c262f3fb71398" type="webcontent" adlcp:scormtype="sco" href="331_ejercicios.html"> 
    <file href="331_ejercicios.html"/> 
    <file href="exe_html5.js"/>
    <dependency identifierref="COMMON_FILES"/>
  </resource>
  <resource identifier="RES-eXeUT_360c9975c262f3fb7149a" type="webcontent" adlcp:scormtype="sco" href="34_estructuras_de_repeticin.html"> 
    <file href="34_estructuras_de_repeticin.html"/> 
    <file href="exe_html5.js"/>
    <dependency identifierref="COMMON_FILES"/>
  </resource>
  <resource identifier="RES-eXeUT_360c9975c262f3fb7149c" type="webcontent" adlcp:scormtype="sco" href="341_funcin_range.html"> 
    <file href="341_funcin_range.html"/> 
    <file href="exe_html5.js"/>
    <dependency identifierref="COMMON_FILES"/>
  </resource>
  <resource identifier="RES-eXeUT_360c9975c262f3fb7149e" type="webcontent" adlcp:scormtype="sco" href="342_bucles.html"> 
    <file href="342_bucles.html"/> 
    <file href="exe_html5.js"/>
    <file href="03.png"/>
    <file href="04.png"/>
    <dependency identifierref="COMMON_FILES"/>
  </resource>
  <resource identifier="RES-eXeUT_360c9975c262f3fb714a0" type="webcontent" adlcp:scormtype="sco" href="343_ejercicios.html"> 
    <file href="343_ejercicios.html"/> 
    <file href="exe_html5.js"/>
    <dependency identifierref="COMMON_FILES"/>
  </resource>
  <resource identifier="RES-eXeUT_360c9975c262f3fb715a2" type="webcontent" adlcp:scormtype="sco" href="35_estructuras_de_salto.html"> 
    <file href="35_estructuras_de_salto.html"/> 
    <file href="exe_html5.js"/>
    <dependency identifierref="COMMON_FILES"/>
  </resource>
  <resource identifier="RES-eXeUT_360c9975c262f3fb715a4" type="webcontent" adlcp:scormtype="sco" href="351_break_y_continue.html"> 
    <file href="351_break_y_continue.html"/> 
    <file href="exe_html5.js"/>
    <dependency identifierref="COMMON_FILES"/>
  </resource>
  <resource identifier="RES-eXeUT_360c9975c262f3fb715a6" type="webcontent" adlcp:scormtype="sco" href="352_ejercicios.html"> 
    <file href="352_ejercicios.html"/> 
    <file href="exe_html5.js"/>
    <dependency identifierref="COMMON_FILES"/>
  </resource>
  <resource identifier="RES-eXeUT_360c9975c262f3fb715a8" type="webcontent" adlcp:scormtype="sco" href="36_ejercicios.html"> 
    <file href="36_ejercicios.html"/> 
    <file href="exe_html5.js"/>
    <file href="common.js"/>
    <dependency identifierref="COMMON_FILES"/>
  </resource>
  <resource identifier="RES-eXeUT_360c9975c262f3fb715aa" type="webcontent" adlcp:scormtype="sco" href="37_prueba_y_depuracin_de_programas.html"> 
    <file href="37_prueba_y_depuracin_de_programas.html"/> 
    <file href="exe_html5.js"/>
    <dependency identifierref="COMMON_FILES"/>
  </resource>
  <resource identifier="RES-eXeUT_360c9975c262f3fb716ac" type="webcontent" adlcp:scormtype="sco" href="371_pycharm.html"> 
    <file href="371_pycharm.html"/> 
    <file href="exe_html5.js"/>
    <file href="09.png"/>
    <file href="08.png"/>
    <file href="05.png"/>
    <file href="07.png"/>
    <file href="06.png"/>
    <dependency identifierref="COMMON_FILES"/>
  </resource>
  <resource identifier="RES-eXeUT_360c9975c262f3fb716ae" type="webcontent" adlcp:scormtype="sco" href="372_elementos_de_la_depuracin.html"> 
    <file href="372_elementos_de_la_depuracin.html"/> 
    <file href="exe_html5.js"/>
    <file href="10.png"/>
    <file href="11.png"/>
    <dependency identifierref="COMMON_FILES"/>
  </resource>
  <resource identifier="RES-eXeUT_360c9975c262f3fb716b0" type="webcontent" adlcp:scormtype="sco" href="373_ejercicio.html"> 
    <file href="373_ejercicio.html"/> 
    <file href="exe_html5.js"/>
    <dependency identifierref="COMMON_FILES"/>
  </resource>
  <resource identifier="RES-eXeUT_360c9975c262f3fb716b2" type="webcontent" adlcp:scormtype="sco" href="38_documentacin_del_cdigo_del_programa.html"> 
    <file href="38_documentacin_del_cdigo_del_programa.html"/> 
    <file href="exe_html5.js"/>
    <dependency identifierref="COMMON_FILES"/>
  </resource>
  <resource identifier="RES-eXeUT_360c9975c262f3fb716b4" type="webcontent" adlcp:scormtype="sco" href="381_cadenas_de_documentacin.html"> 
    <file href="381_cadenas_de_documentacin.html"/> 
    <file href="exe_html5.js"/>
    <file href="12.png"/>
    <dependency identifierref="COMMON_FILES"/>
  </resource>
  <resource identifier="RES-eXeUT_360c9975c262f3fb716b6" type="webcontent" adlcp:scormtype="sco" href="382_conclusiones.html"> 
    <file href="382_conclusiones.html"/> 
    <file href="exe_html5.js"/>
    <dependency identifierref="COMMON_FILES"/>
  </resource>
  <resource identifier="RES-eXeUT_360c9975c262f3fb717b8" type="webcontent" adlcp:scormtype="sco" href="39_cuestiones_de_estilo.html"> 
    <file href="39_cuestiones_de_estilo.html"/> 
    <file href="exe_html5.js"/>
    <dependency identifierref="COMMON_FILES"/>
  </resource>
  <resource identifier="RES-eXeUT_360c9975c262f3fb717ba" type="webcontent" adlcp:scormtype="sco" href="310_ejercicios.html"> 
    <file href="310_ejercicios.html"/> 
    <file href="exe_html5.js"/>
    <file href="common.js"/>
    <dependency identifierref="COMMON_FILES"/>
  </resource>
  <resource identifier="RES-eXeUT_360c9975c262f3fb717bc" type="webcontent" adlcp:scormtype="sco" href="311_programacin_modular.html"> 
    <file href="311_programacin_modular.html"/> 
    <file href="exe_html5.js"/>
    <dependency identifierref="COMMON_FILES"/>
  </resource>
  <resource identifier="RES-eXeUT_360c9975c262f3fb717be" type="webcontent" adlcp:scormtype="sco" href="3111_funciones.html"> 
    <file href="3111_funciones.html"/> 
    <file href="exe_html5.js"/>
    <dependency identifierref="COMMON_FILES"/>
  </resource>
  <resource identifier="RES-eXeUT_360c9975c262f3fb718c0" type="webcontent" adlcp:scormtype="sco" href="3112_juego_del_ahorcado.html"> 
    <file href="3112_juego_del_ahorcado.html"/> 
    <file href="exe_html5.js"/>
    <dependency identifierref="COMMON_FILES"/>
  </resource>
  <resource identifier="RES-eXeUT_360c9975c262f3fb718c2" type="webcontent" adlcp:scormtype="sco" href="3113_recomendaciones.html"> 
    <file href="3113_recomendaciones.html"/> 
    <file href="exe_html5.js"/>
    <dependency identifierref="COMMON_FILES"/>
  </resource>
  <resource identifier="RES-eXeUT_360c9975c262f3fb718c4" type="webcontent" adlcp:scormtype="sco" href="312_ejercicios.html"> 
    <file href="312_ejercicios.html"/> 
    <file href="exe_html5.js"/>
    <file href="common.js"/>
    <dependency identifierref="COMMON_FILES"/>
  </resource>
  <resource identifier="RES-eXeUT_360c9975c262f3fb719c6" type="webcontent" adlcp:scormtype="sco" href="resumen.html"> 
    <file href="resumen.html"/> 
    <file href="exe_html5.js"/>
    <file href="map_1640013580463.png"/>
    <dependency identifierref="COMMON_FILES"/>
  </resource>
  <resource identifier="COMMON_FILES" type="webcontent" adlcp:scormtype="asset">
    <file href="config.xml"/>
    <file href="content.css"/>
    <file href="icon_activity.png"/>
    <file href="icon_agreement.png"/>
    <file href="icon_alert.png"/>
    <file href="icon_arts.png"/>
    <file href="icon_ask.png"/>
    <file href="icon_book.png"/>
    <file href="icon_calculate.png"/>
    <file href="icon_case.png"/>
    <file href="icon_collaborative.png"/>
    <file href="icon_competencies.png"/>
    <file href="icon_diary.png"/>
    <file href="icon_discuss.png"/>
    <file href="icon_download.png"/>
    <file href="icon_draw.png"/>
    <file href="icon_english.png"/>
    <file href="icon_experiment.png"/>
    <file href="icon_explore.png"/>
    <file href="icon_file.png"/>
    <file href="icon_gallery.png"/>
    <file href="icon_geography.png"/>
    <file href="icon_history.png"/>
    <file href="icon_info.png"/>
    <file href="icon_interactive.png"/>
    <file href="icon_letters.png"/>
    <file href="icon_listen.png"/>
    <file href="icon_math.png"/>
    <file href="icon_music.png"/>
    <file href="icon_nature.png"/>
    <file href="icon_objectives.png"/>
    <file href="icon_observe.png"/>
    <file href="icon_perform.png"/>
    <file href="icon_piece.png"/>
    <file href="icon_pieces.png"/>
    <file href="icon_play.png"/>
    <file href="icon_present.png"/>
    <file href="icon_reflection.png"/>
    <file href="icon_share.png"/>
    <file href="icon_sport.png"/>
    <file href="icon_start.png"/>
    <file href="icon_technology.png"/>
    <file href="icon_think.png"/>
    <file href="icon_video.png"/>
    <file href="nav.css"/>
    <file href="quicksand-regular-latin-ext.woff2"/>
    <file href="quicksand-regular-latin.woff2"/>
    <file href="quicksand-regular-vietnamese.woff2"/>
    <file href="_cedec_external_link.png"/>
    <file href="_cedec_icons.png"/>
    <file href="_cedec_icon_alert.png"/>
    <file href="_cedec_icon_danger.png"/>
    <file href="_cedec_icon_info.png"/>
    <file href="_cedec_icon_success.png"/>
    <file href="_cedec_icon_warning.png"/>
    <file href="_cedec_js.js"/>
    <file href="_cedec_left_column.gif"/>
    <file href="_cedec_licenses.gif"/>
    <file href="_cedec_loading.gif"/>
    <file href="_cedec_menu.gif"/>
    <file href="_cedec_pbl_duration.png"/>
    <file href="_cedec_pbl_participants.png"/>
    <file href="_cedec_print.gif"/>
    <file href="base.css"/>
    <file href="popup_bg.gif"/>
    <file href="SCORM_API_wrapper.js"/>
    <file href="SCOFunctions.js"/>
    <file href="common.js"/>
    <file href="common_i18n.js"/>
    <file href="exe_jquery.js"/>
    <file href="content.xsd"/>
    <file href="content.data"/>
    <file href="contentv3.xml"/>
    <file href="imslrm.xml"/>
  </resource>
</resources>
</manifest>
