<?xml version="1.0" encoding="UTF-8"?>
<!-- Generated by eXe - http://exelearning.net -->
<manifest identifier="eXeUT_760c9975c262fd8df0f1" xmlns="http://www.imsproject.org/xsd/imscp_rootv1p1p2" xmlns:adlcp="http://www.adlnet.org/xsd/adlcp_rootv1p2" xmlns:imsmd="http://www.imsglobal.org/xsd/imsmd_v1p2" xmlns:xsi="http://www.w3.org/2001/XMLSchema-instance" xsi:schemaLocation="http://www.imsproject.org/xsd/imscp_rootv1p1p2 imscp_rootv1p1p2.xsd http://www.imsglobal.org/xsd/imsmd_rootv1p2p1 imsmd_rootv1p2p1.xsd http://www.adlnet.org/xsd/adlcp_rootv1p2 adlcp_rootv1p2.xsd" > 
<metadata> 
 <schema>ADL SCORM</schema> 
 <schemaversion>1.2</schemaversion> 
 <adlcp:location>imslrm.xml</adlcp:location> 
</metadata> 
<organizations default="eXeUT_760c9975c262fd8df0f2">  
    <organization identifier="eXeUT_760c9975c262fd8df0f2" structure="hierarchical">
        <title>1º DAW - Programación - UT 7</title>
<item identifier="ITEM-eXeUT_760c9975c262fd8df0f3" isvisible="true" identifierref="RES-eXeUT_760c9975c262fd8df0f4">
    <title>U.T. 7 Proyecto</title>
<item identifier="ITEM-eXeUT_760c9975c262fd8df0f5" isvisible="true" identifierref="RES-eXeUT_760c9975c262fd8df0f6">
    <title>Orientaciones</title>
</item>
<item identifier="ITEM-eXeUT_760c9975c262fd8df0f7" isvisible="true" identifierref="RES-eXeUT_760c9975c262fd8df0f8">
    <title>7.1. Caso Práctico</title>
<item identifier="ITEM-eXeUT_760c9975c262fd8df0f9" isvisible="true" identifierref="RES-eXeUT_760c9975c262fd8df0fa">
    <title>7.1.1. Inicio</title>
</item>
<item identifier="ITEM-eXeUT_760c9975c262fd8df0fb" isvisible="true" identifierref="RES-eXeUT_760c9975c262fd8df0fc">
    <title>7.1.2. Nivel 1</title>
</item>
<item identifier="ITEM-eXeUT_760c9975c262fd8df0fd" isvisible="true" identifierref="RES-eXeUT_760c9975c262fd8df0fe">
    <title>7.1.2. Nivel 2</title>
</item>
<item identifier="ITEM-eXeUT_760c9975c262fd8df10f" isvisible="true" identifierref="RES-eXeUT_760c9975c262fd8df1010">
    <title>7.1.3. Nivel 3</title>
</item>
<item identifier="ITEM-eXeUT_760c9975c262fd8df1011" isvisible="true" identifierref="RES-eXeUT_760c9975c262fd8df1012">
    <title>7.1.4. Nivel 4</title>
</item>
<item identifier="ITEM-eXeUT_760c9975c262fd8df1013" isvisible="true" identifierref="RES-eXeUT_760c9975c262fd8df1014">
    <title>7.1.5. Nivel 5</title>
</item>
<item identifier="ITEM-eXeUT_760c9975c262fd8df1015" isvisible="true" identifierref="RES-eXeUT_760c9975c262fd8df1016">
    <title>7.1.6. Ganar</title>
</item>
<item identifier="ITEM-eXeUT_760c9975c262fd8df1017" isvisible="true" identifierref="RES-eXeUT_760c9975c262fd8df1018">
    <title>7.1.7. Perder</title>
</item>
<item identifier="ITEM-eXeUT_760c9975c262fd8df1019" isvisible="true" identifierref="RES-eXeUT_760c9975c262fd8df101a">
    <title>7.1.8. Fin</title>
</item>
</item>
<item identifier="ITEM-eXeUT_760c9975c262fd8df101b" isvisible="true" identifierref="RES-eXeUT_760c9975c262fd8df101c">
    <title>7.2. Aleatoriedad de las preguntas</title>
</item>
</item>
  </organization>
</organizations>
<resources>
  <resource identifier="RES-eXeUT_760c9975c262fd8df0f4" type="webcontent" adlcp:scormtype="sco" href="index.html"> 
    <file href="index.html"/> 
    <file href="exe_html5.js"/>
    <dependency identifierref="COMMON_FILES"/>
  </resource>
  <resource identifier="RES-eXeUT_760c9975c262fd8df0f6" type="webcontent" adlcp:scormtype="sco" href="orientaciones.html"> 
    <file href="orientaciones.html"/> 
    <file href="exe_html5.js"/>
    <dependency identifierref="COMMON_FILES"/>
  </resource>
  <resource identifier="RES-eXeUT_760c9975c262fd8df0f8" type="webcontent" adlcp:scormtype="sco" href="71_caso_prctico.html"> 
    <file href="71_caso_prctico.html"/> 
    <file href="exe_html5.js"/>
    <dependency identifierref="COMMON_FILES"/>
  </resource>
  <resource identifier="RES-eXeUT_760c9975c262fd8df0fa" type="webcontent" adlcp:scormtype="sco" href="711_inicio.html"> 
    <file href="711_inicio.html"/> 
    <file href="exe_html5.js"/>
    <dependency identifierref="COMMON_FILES"/>
  </resource>
  <resource identifier="RES-eXeUT_760c9975c262fd8df0fc" type="webcontent" adlcp:scormtype="sco" href="712_nivel_1.html"> 
    <file href="712_nivel_1.html"/> 
    <file href="exe_html5.js"/>
    <dependency identifierref="COMMON_FILES"/>
  </resource>
  <resource identifier="RES-eXeUT_760c9975c262fd8df0fe" type="webcontent" adlcp:scormtype="sco" href="712_nivel_2.html"> 
    <file href="712_nivel_2.html"/> 
    <file href="exe_html5.js"/>
    <dependency identifierref="COMMON_FILES"/>
  </resource>
  <resource identifier="RES-eXeUT_760c9975c262fd8df1010" type="webcontent" adlcp:scormtype="sco" href="713_nivel_3.html"> 
    <file href="713_nivel_3.html"/> 
    <file href="exe_html5.js"/>
    <dependency identifierref="COMMON_FILES"/>
  </resource>
  <resource identifier="RES-eXeUT_760c9975c262fd8df1012" type="webcontent" adlcp:scormtype="sco" href="714_nivel_4.html"> 
    <file href="714_nivel_4.html"/> 
    <file href="exe_html5.js"/>
    <dependency identifierref="COMMON_FILES"/>
  </resource>
  <resource identifier="RES-eXeUT_760c9975c262fd8df1014" type="webcontent" adlcp:scormtype="sco" href="715_nivel_5.html"> 
    <file href="715_nivel_5.html"/> 
    <file href="exe_html5.js"/>
    <dependency identifierref="COMMON_FILES"/>
  </resource>
  <resource identifier="RES-eXeUT_760c9975c262fd8df1016" type="webcontent" adlcp:scormtype="sco" href="716_ganar.html"> 
    <file href="716_ganar.html"/> 
    <file href="exe_html5.js"/>
    <dependency identifierref="COMMON_FILES"/>
  </resource>
  <resource identifier="RES-eXeUT_760c9975c262fd8df1018" type="webcontent" adlcp:scormtype="sco" href="717_perder.html"> 
    <file href="717_perder.html"/> 
    <file href="exe_html5.js"/>
    <dependency identifierref="COMMON_FILES"/>
  </resource>
  <resource identifier="RES-eXeUT_760c9975c262fd8df101a" type="webcontent" adlcp:scormtype="sco" href="718_fin.html"> 
    <file href="718_fin.html"/> 
    <file href="exe_html5.js"/>
    <dependency identifierref="COMMON_FILES"/>
  </resource>
  <resource identifier="RES-eXeUT_760c9975c262fd8df101c" type="webcontent" adlcp:scormtype="sco" href="72_aleatoriedad_de_las_preguntas.html"> 
    <file href="72_aleatoriedad_de_las_preguntas.html"/> 
    <file href="exe_html5.js"/>
    <dependency identifierref="COMMON_FILES"/>
  </resource>
  <resource identifier="COMMON_FILES" type="webcontent" adlcp:scormtype="asset">
    <file href="config.xml"/>
    <file href="content.css"/>
    <file href="icon_activity.png"/>
    <file href="icon_agreement.png"/>
    <file href="icon_alert.png"/>
    <file href="icon_arts.png"/>
    <file href="icon_ask.png"/>
    <file href="icon_book.png"/>
    <file href="icon_calculate.png"/>
    <file href="icon_case.png"/>
    <file href="icon_collaborative.png"/>
    <file href="icon_competencies.png"/>
    <file href="icon_diary.png"/>
    <file href="icon_discuss.png"/>
    <file href="icon_download.png"/>
    <file href="icon_draw.png"/>
    <file href="icon_english.png"/>
    <file href="icon_experiment.png"/>
    <file href="icon_explore.png"/>
    <file href="icon_file.png"/>
    <file href="icon_gallery.png"/>
    <file href="icon_geography.png"/>
    <file href="icon_history.png"/>
    <file href="icon_info.png"/>
    <file href="icon_interactive.png"/>
    <file href="icon_letters.png"/>
    <file href="icon_listen.png"/>
    <file href="icon_math.png"/>
    <file href="icon_music.png"/>
    <file href="icon_nature.png"/>
    <file href="icon_objectives.png"/>
    <file href="icon_observe.png"/>
    <file href="icon_perform.png"/>
    <file href="icon_piece.png"/>
    <file href="icon_pieces.png"/>
    <file href="icon_play.png"/>
    <file href="icon_present.png"/>
    <file href="icon_reflection.png"/>
    <file href="icon_share.png"/>
    <file href="icon_sport.png"/>
    <file href="icon_start.png"/>
    <file href="icon_technology.png"/>
    <file href="icon_think.png"/>
    <file href="icon_video.png"/>
    <file href="nav.css"/>
    <file href="quicksand-regular-latin-ext.woff2"/>
    <file href="quicksand-regular-latin.woff2"/>
    <file href="quicksand-regular-vietnamese.woff2"/>
    <file href="_cedec_external_link.png"/>
    <file href="_cedec_icons.png"/>
    <file href="_cedec_icon_alert.png"/>
    <file href="_cedec_icon_danger.png"/>
    <file href="_cedec_icon_info.png"/>
    <file href="_cedec_icon_success.png"/>
    <file href="_cedec_icon_warning.png"/>
    <file href="_cedec_js.js"/>
    <file href="_cedec_left_column.gif"/>
    <file href="_cedec_licenses.gif"/>
    <file href="_cedec_loading.gif"/>
    <file href="_cedec_menu.gif"/>
    <file href="_cedec_pbl_duration.png"/>
    <file href="_cedec_pbl_participants.png"/>
    <file href="_cedec_print.gif"/>
    <file href="base.css"/>
    <file href="popup_bg.gif"/>
    <file href="SCORM_API_wrapper.js"/>
    <file href="SCOFunctions.js"/>
    <file href="common.js"/>
    <file href="common_i18n.js"/>
    <file href="exe_jquery.js"/>
    <file href="content.xsd"/>
    <file href="content.data"/>
    <file href="contentv3.xml"/>
    <file href="imslrm.xml"/>
  </resource>
</resources>
</manifest>
