<?xml version="1.0" encoding="UTF-8"?>
<!-- Generated by eXe - http://exelearning.net -->
<manifest identifier="eXeUT_660c9975c2630dbce746d" xmlns="http://www.imsproject.org/xsd/imscp_rootv1p1p2" xmlns:adlcp="http://www.adlnet.org/xsd/adlcp_rootv1p2" xmlns:imsmd="http://www.imsglobal.org/xsd/imsmd_v1p2" xmlns:xsi="http://www.w3.org/2001/XMLSchema-instance" xsi:schemaLocation="http://www.imsproject.org/xsd/imscp_rootv1p1p2 imscp_rootv1p1p2.xsd http://www.imsglobal.org/xsd/imsmd_rootv1p2p1 imsmd_rootv1p2p1.xsd http://www.adlnet.org/xsd/adlcp_rootv1p2 adlcp_rootv1p2.xsd" > 
<metadata> 
 <schema>ADL SCORM</schema> 
 <schemaversion>1.2</schemaversion> 
 <adlcp:location>imslrm.xml</adlcp:location> 
</metadata> 
<organizations default="eXeUT_660c9975c2630dbce746e">  
    <organization identifier="eXeUT_660c9975c2630dbce746e" structure="hierarchical">
        <title>1º DAW - Programación - UT 6</title>
<item identifier="ITEM-eXeUT_660c9975c2630dbce746f" isvisible="true" identifierref="RES-eXeUT_660c9975c2630dbce7470">
    <title>U.T. 6 POO en Python (II)</title>
<item identifier="ITEM-eXeUT_660c9975c2630dbce7471" isvisible="true" identifierref="RES-eXeUT_660c9975c2630dbce7472">
    <title>Orientaciones</title>
</item>
<item identifier="ITEM-eXeUT_660c9975c2630dbce7473" isvisible="true" identifierref="RES-eXeUT_660c9975c2630dbce7474">
    <title>6.1. Secuencias</title>
<item identifier="ITEM-eXeUT_660c9975c2630dbce7475" isvisible="true" identifierref="RES-eXeUT_660c9975c2630dbce7476">
    <title>6.1.1. Listas</title>
<item identifier="ITEM-eXeUT_660c9975c2630dbce7477" isvisible="true" identifierref="RES-eXeUT_660c9975c2630dbce7478">
    <title>Operaciones</title>
</item>
<item identifier="ITEM-eXeUT_660c9975c2630dbce7479" isvisible="true" identifierref="RES-eXeUT_660c9975c2630dbce747a">
    <title>Borrado de elementos</title>
</item>
<item identifier="ITEM-eXeUT_660c9975c2630dbce757b" isvisible="true" identifierref="RES-eXeUT_660c9975c2630dbce757c">
    <title>Ordenación</title>
</item>
<item identifier="ITEM-eXeUT_660c9975c2630dbce757d" isvisible="true" identifierref="RES-eXeUT_660c9975c2630dbce757e">
    <title>Pasar Listas como Parámetros</title>
</item>
<item identifier="ITEM-eXeUT_660c9975c2630dbce757f" isvisible="true" identifierref="RES-eXeUT_660c9975c2630dbce7580">
    <title>Listas multidimensionales</title>
</item>
<item identifier="ITEM-eXeUT_660c9975c2630dbce7581" isvisible="true" identifierref="RES-eXeUT_660c9975c2630dbce7582">
    <title>Ejercicios</title>
</item>
</item>
<item identifier="ITEM-eXeUT_660c9975c2630dbce7683" isvisible="true" identifierref="RES-eXeUT_660c9975c2630dbce7684">
    <title>6.1.2. Tuplas</title>
</item>
</item>
<item identifier="ITEM-eXeUT_660c9975c2630dbce7685" isvisible="true" identifierref="RES-eXeUT_660c9975c2630dbce7686">
    <title>6.2. Diccionarios</title>
<item identifier="ITEM-eXeUT_660c9975c2630dbce7687" isvisible="true" identifierref="RES-eXeUT_660c9975c2630dbce7688">
    <title>Operaciones</title>
</item>
<item identifier="ITEM-eXeUT_660c9975c2630dbce7689" isvisible="true" identifierref="RES-eXeUT_660c9975c2630dbce768a">
    <title>Ejercicios</title>
</item>
</item>
<item identifier="ITEM-eXeUT_660c9975c2630dbce768b" isvisible="true" identifierref="RES-eXeUT_660c9975c2630dbce768c">
    <title>6.3. Conjuntos</title>
</item>
<item identifier="ITEM-eXeUT_660c9975c2630dbce768d" isvisible="true" identifierref="RES-eXeUT_660c9975c2630dbce768e">
    <title>6.4. Comprensión de listas y diccionarios</title>
</item>
<item identifier="ITEM-eXeUT_660c9975c2630dbce778f" isvisible="true" identifierref="RES-eXeUT_660c9975c2630dbce7790">
    <title>6.5. Recursividad</title>
<item identifier="ITEM-eXeUT_660c9975c2630dbce7791" isvisible="true" identifierref="RES-eXeUT_660c9975c2630dbce7792">
    <title>Ejemplos</title>
</item>
</item>
<item identifier="ITEM-eXeUT_660c9975c2630dbce7793" isvisible="true" identifierref="RES-eXeUT_660c9975c2630dbce7794">
    <title>6.6. Herencia</title>
<item identifier="ITEM-eXeUT_660c9975c2630dbce7895" isvisible="true" identifierref="RES-eXeUT_660c9975c2630dbce7896">
    <title>Ejercicio</title>
</item>
<item identifier="ITEM-eXeUT_660c9975c2630dbce7897" isvisible="true" identifierref="RES-eXeUT_660c9975c2630dbce7898">
    <title>Sobreescritura de métodos</title>
</item>
<item identifier="ITEM-eXeUT_660c9975c2630dbce7899" isvisible="true" identifierref="RES-eXeUT_660c9975c2630dbce789a">
    <title>Sobrecarga de Métodos</title>
</item>
<item identifier="ITEM-eXeUT_660c9975c2630dbce789b" isvisible="true" identifierref="RES-eXeUT_660c9975c2630dbce789c">
    <title>Métodos especiales o mágicos.</title>
<item identifier="ITEM-eXeUT_660c9975c2630dbce799d" isvisible="true" identifierref="RES-eXeUT_660c9975c2630dbce799e">
    <title>Métodos gétters and setters</title>
</item>
</item>
<item identifier="ITEM-eXeUT_660c9975c2630dbce799f" isvisible="true" identifierref="RES-eXeUT_660c9975c2630dbce79a0">
    <title>Resumen</title>
</item>
</item>
<item identifier="ITEM-eXeUT_660c9975c2630dbce79a1" isvisible="true" identifierref="RES-eXeUT_660c9975c2630dbce79a2">
    <title>6.7. Clase object</title>
</item>
<item identifier="ITEM-eXeUT_660c9975c2630dbce79a3" isvisible="true" identifierref="RES-eXeUT_660c9975c2630dbce79a4">
    <title>6.8. Polimorfismo</title>
</item>
<item identifier="ITEM-eXeUT_660c9975c2630dbce7aa5" isvisible="true" identifierref="RES-eXeUT_660c9975c2630dbce7aa6">
    <title>6.9. tipo de un objeto</title>
</item>
<item identifier="ITEM-eXeUT_660c9975c2630dbce7aa7" isvisible="true" identifierref="RES-eXeUT_660c9975c2630dbce7aa8">
    <title>6.10 Atributos de clase</title>
</item>
<item identifier="ITEM-eXeUT_660c9975c2630dbce7aa9" isvisible="true" identifierref="RES-eXeUT_660c9975c2630dbce7aaa">
    <title>6.11. Métodos de clase</title>
</item>
<item identifier="ITEM-eXeUT_660c9975c2630dbce7aab" isvisible="true" identifierref="RES-eXeUT_660c9975c2630dbce7aac">
    <title>6.12. Clases y métodos estáticos</title>
</item>
<item identifier="ITEM-eXeUT_660c9975c2630dbce7aad" isvisible="true" identifierref="RES-eXeUT_660c9975c2630dbce7aae">
    <title>6.13. Clases y métodos abstractos</title>
</item>
<item identifier="ITEM-eXeUT_660c9975c2630dbce7baf" isvisible="true" identifierref="RES-eXeUT_660c9975c2630dbce7bb0">
    <title>6.14. Métodos finales</title>
</item>
<item identifier="ITEM-eXeUT_660c9975c2630dbce7bb1" isvisible="true" identifierref="RES-eXeUT_660c9975c2630dbce7bb2">
    <title>6.15. Ejemplos</title>
</item>
<item identifier="ITEM-eXeUT_660c9975c2630dbce7bb3" isvisible="true" identifierref="RES-eXeUT_660c9975c2630dbce7bb4">
    <title>6.16. Ejercicios</title>
</item>
<item identifier="ITEM-eXeUT_660c9975c2630dbce7bb5" isvisible="true" identifierref="RES-eXeUT_660c9975c2630dbce7bb6">
    <title>6.17. Interfaces</title>
</item>
<item identifier="ITEM-eXeUT_660c9975c2630dbce7cb7" isvisible="true" identifierref="RES-eXeUT_660c9975c2630dbce7cb8">
    <title>6.18 Decoradores</title>
</item>
<item identifier="ITEM-eXeUT_660c9975c2630dbce7cb9" isvisible="true" identifierref="RES-eXeUT_660c9975c2630dbce7cba">
    <title>6.19. Generadores</title>
</item>
<item identifier="ITEM-eXeUT_660c9975c2630dbce7cbb" isvisible="true" identifierref="RES-eXeUT_660c9975c2630dbce7cbc">
    <title>6.20. Excepciones</title>
<item identifier="ITEM-eXeUT_660c9975c2630dbce7dbd" isvisible="true" identifierref="RES-eXeUT_660c9975c2630dbce7dbe">
    <title>Captura</title>
</item>
<item identifier="ITEM-eXeUT_660c9975c2630dbce7dbf" isvisible="true" identifierref="RES-eXeUT_660c9975c2630dbce7dc0">
    <title>Generación de Excepciones</title>
</item>
<item identifier="ITEM-eXeUT_660c9975c2630dbce7dc1" isvisible="true" identifierref="RES-eXeUT_660c9975c2630dbce7dc2">
    <title>Definición de Excepciones propias</title>
</item>
</item>
<item identifier="ITEM-eXeUT_660c9975c2630dbce7dc3" isvisible="true" identifierref="RES-eXeUT_660c9975c2630dbce7dc4">
    <title>6.21. Ejercicios</title>
</item>
<item identifier="ITEM-eXeUT_660c9975c2630dbce7dc5" isvisible="true" identifierref="RES-eXeUT_660c9975c2630dbce7dc6">
    <title>6.22. Estructuras de datos</title>
<item identifier="ITEM-eXeUT_660c9975c2630dbce7dc7" isvisible="true" identifierref="RES-eXeUT_660c9975c2630dbce7dc8">
    <title>6.22.1. Pilas</title>
</item>
<item identifier="ITEM-eXeUT_660c9975c2630dbce7dc9" isvisible="true" identifierref="RES-eXeUT_660c9975c2630dbce7dca">
    <title>6.22.2. Colas</title>
</item>
<item identifier="ITEM-eXeUT_660c9975c2630dbce7ecb" isvisible="true" identifierref="RES-eXeUT_660c9975c2630dbce7ecc">
    <title>6.22.3 Árboles</title>
</item>
<item identifier="ITEM-eXeUT_660c9975c2630dbce7ecd" isvisible="true" identifierref="RES-eXeUT_660c9975c2630dbce7ece">
    <title>6.22.4. Grafos</title>
</item>
</item>
<item identifier="ITEM-eXeUT_660c9975c2630dbce7fcf" isvisible="true" identifierref="RES-eXeUT_660c9975c2630dbce7fd0">
    <title>6.23. Casos de prueba</title>
<item identifier="ITEM-eXeUT_660c9975c2630dbce7fd1" isvisible="true" identifierref="RES-eXeUT_660c9975c2630dbce7fd2">
    <title>6.23.1 Creación</title>
</item>
<item identifier="ITEM-eXeUT_660c9975c2630dbce7fd3" isvisible="true" identifierref="RES-eXeUT_660c9975c2630dbce7fd4">
    <title>6.23.2. Resumen</title>
</item>
</item>
<item identifier="ITEM-eXeUT_660c9975c2630dbce7fd5" isvisible="true" identifierref="RES-eXeUT_660c9975c2630dbce7fd6">
    <title>6.24. Ejercicios</title>
</item>
<item identifier="ITEM-eXeUT_660c9975c2630dbce7fd7" isvisible="true" identifierref="RES-eXeUT_660c9975c2630dbce7fd8">
    <title>Resumen</title>
</item>
</item>
  </organization>
</organizations>
<resources>
  <resource identifier="RES-eXeUT_660c9975c2630dbce7470" type="webcontent" adlcp:scormtype="sco" href="index.html"> 
    <file href="index.html"/> 
    <file href="exe_html5.js"/>
    <dependency identifierref="COMMON_FILES"/>
  </resource>
  <resource identifier="RES-eXeUT_660c9975c2630dbce7472" type="webcontent" adlcp:scormtype="sco" href="orientaciones.html"> 
    <file href="orientaciones.html"/> 
    <file href="exe_html5.js"/>
    <dependency identifierref="COMMON_FILES"/>
  </resource>
  <resource identifier="RES-eXeUT_660c9975c2630dbce7474" type="webcontent" adlcp:scormtype="sco" href="61_secuencias.html"> 
    <file href="61_secuencias.html"/> 
    <file href="exe_html5.js"/>
    <dependency identifierref="COMMON_FILES"/>
  </resource>
  <resource identifier="RES-eXeUT_660c9975c2630dbce7476" type="webcontent" adlcp:scormtype="sco" href="611_listas.html"> 
    <file href="611_listas.html"/> 
    <file href="exe_html5.js"/>
    <dependency identifierref="COMMON_FILES"/>
  </resource>
  <resource identifier="RES-eXeUT_660c9975c2630dbce7478" type="webcontent" adlcp:scormtype="sco" href="operaciones.html"> 
    <file href="operaciones.html"/> 
    <file href="exe_html5.js"/>
    <dependency identifierref="COMMON_FILES"/>
  </resource>
  <resource identifier="RES-eXeUT_660c9975c2630dbce747a" type="webcontent" adlcp:scormtype="sco" href="borrado_de_elementos.html"> 
    <file href="borrado_de_elementos.html"/> 
    <file href="exe_html5.js"/>
    <dependency identifierref="COMMON_FILES"/>
  </resource>
  <resource identifier="RES-eXeUT_660c9975c2630dbce757c" type="webcontent" adlcp:scormtype="sco" href="ordenacin.html"> 
    <file href="ordenacin.html"/> 
    <file href="exe_html5.js"/>
    <dependency identifierref="COMMON_FILES"/>
  </resource>
  <resource identifier="RES-eXeUT_660c9975c2630dbce757e" type="webcontent" adlcp:scormtype="sco" href="pasar_listas_como_parmetros.html"> 
    <file href="pasar_listas_como_parmetros.html"/> 
    <file href="exe_html5.js"/>
    <dependency identifierref="COMMON_FILES"/>
  </resource>
  <resource identifier="RES-eXeUT_660c9975c2630dbce7580" type="webcontent" adlcp:scormtype="sco" href="listas_multidimensionales.html"> 
    <file href="listas_multidimensionales.html"/> 
    <file href="exe_html5.js"/>
    <file href="common.js"/>
    <dependency identifierref="COMMON_FILES"/>
  </resource>
  <resource identifier="RES-eXeUT_660c9975c2630dbce7582" type="webcontent" adlcp:scormtype="sco" href="ejercicios.html"> 
    <file href="ejercicios.html"/> 
    <file href="exe_html5.js"/>
    <dependency identifierref="COMMON_FILES"/>
  </resource>
  <resource identifier="RES-eXeUT_660c9975c2630dbce7684" type="webcontent" adlcp:scormtype="sco" href="612_tuplas.html"> 
    <file href="612_tuplas.html"/> 
    <file href="exe_html5.js"/>
    <dependency identifierref="COMMON_FILES"/>
  </resource>
  <resource identifier="RES-eXeUT_660c9975c2630dbce7686" type="webcontent" adlcp:scormtype="sco" href="62_diccionarios.html"> 
    <file href="62_diccionarios.html"/> 
    <file href="exe_html5.js"/>
    <dependency identifierref="COMMON_FILES"/>
  </resource>
  <resource identifier="RES-eXeUT_660c9975c2630dbce7688" type="webcontent" adlcp:scormtype="sco" href="operaciones0.html"> 
    <file href="operaciones0.html"/> 
    <file href="exe_html5.js"/>
    <dependency identifierref="COMMON_FILES"/>
  </resource>
  <resource identifier="RES-eXeUT_660c9975c2630dbce768a" type="webcontent" adlcp:scormtype="sco" href="ejercicios0.html"> 
    <file href="ejercicios0.html"/> 
    <file href="exe_html5.js"/>
    <dependency identifierref="COMMON_FILES"/>
  </resource>
  <resource identifier="RES-eXeUT_660c9975c2630dbce768c" type="webcontent" adlcp:scormtype="sco" href="63_conjuntos.html"> 
    <file href="63_conjuntos.html"/> 
    <file href="exe_html5.js"/>
    <dependency identifierref="COMMON_FILES"/>
  </resource>
  <resource identifier="RES-eXeUT_660c9975c2630dbce768e" type="webcontent" adlcp:scormtype="sco" href="64_comprensin_de_listas_y_diccionarios.html"> 
    <file href="64_comprensin_de_listas_y_diccionarios.html"/> 
    <file href="exe_html5.js"/>
    <dependency identifierref="COMMON_FILES"/>
  </resource>
  <resource identifier="RES-eXeUT_660c9975c2630dbce7790" type="webcontent" adlcp:scormtype="sco" href="65_recursividad.html"> 
    <file href="65_recursividad.html"/> 
    <file href="exe_html5.js"/>
    <file href="02.png"/>
    <dependency identifierref="COMMON_FILES"/>
  </resource>
  <resource identifier="RES-eXeUT_660c9975c2630dbce7792" type="webcontent" adlcp:scormtype="sco" href="ejemplos.html"> 
    <file href="ejemplos.html"/> 
    <file href="exe_html5.js"/>
    <dependency identifierref="COMMON_FILES"/>
  </resource>
  <resource identifier="RES-eXeUT_660c9975c2630dbce7794" type="webcontent" adlcp:scormtype="sco" href="66_herencia.html"> 
    <file href="66_herencia.html"/> 
    <file href="exe_html5.js"/>
    <file href="01.png"/>
    <file href="00.png"/>
    <dependency identifierref="COMMON_FILES"/>
  </resource>
  <resource identifier="RES-eXeUT_660c9975c2630dbce7896" type="webcontent" adlcp:scormtype="sco" href="ejercicio.html"> 
    <file href="ejercicio.html"/> 
    <file href="exe_html5.js"/>
    <dependency identifierref="COMMON_FILES"/>
  </resource>
  <resource identifier="RES-eXeUT_660c9975c2630dbce7898" type="webcontent" adlcp:scormtype="sco" href="sobreescritura_de_mtodos.html"> 
    <file href="sobreescritura_de_mtodos.html"/> 
    <file href="exe_html5.js"/>
    <dependency identifierref="COMMON_FILES"/>
  </resource>
  <resource identifier="RES-eXeUT_660c9975c2630dbce789a" type="webcontent" adlcp:scormtype="sco" href="sobrecarga_de_mtodos.html"> 
    <file href="sobrecarga_de_mtodos.html"/> 
    <file href="exe_html5.js"/>
    <dependency identifierref="COMMON_FILES"/>
  </resource>
  <resource identifier="RES-eXeUT_660c9975c2630dbce789c" type="webcontent" adlcp:scormtype="sco" href="mtodos_especiales_o_mgicos.html"> 
    <file href="mtodos_especiales_o_mgicos.html"/> 
    <file href="exe_html5.js"/>
    <dependency identifierref="COMMON_FILES"/>
  </resource>
  <resource identifier="RES-eXeUT_660c9975c2630dbce799e" type="webcontent" adlcp:scormtype="sco" href="mtodos_gtters_and_setters.html"> 
    <file href="mtodos_gtters_and_setters.html"/> 
    <file href="exe_html5.js"/>
    <dependency identifierref="COMMON_FILES"/>
  </resource>
  <resource identifier="RES-eXeUT_660c9975c2630dbce79a0" type="webcontent" adlcp:scormtype="sco" href="resumen.html"> 
    <file href="resumen.html"/> 
    <file href="exe_html5.js"/>
    <dependency identifierref="COMMON_FILES"/>
  </resource>
  <resource identifier="RES-eXeUT_660c9975c2630dbce79a2" type="webcontent" adlcp:scormtype="sco" href="67_clase_object.html"> 
    <file href="67_clase_object.html"/> 
    <file href="exe_html5.js"/>
    <dependency identifierref="COMMON_FILES"/>
  </resource>
  <resource identifier="RES-eXeUT_660c9975c2630dbce79a4" type="webcontent" adlcp:scormtype="sco" href="68_polimorfismo.html"> 
    <file href="68_polimorfismo.html"/> 
    <file href="exe_html5.js"/>
    <file href="03.png"/>
    <dependency identifierref="COMMON_FILES"/>
  </resource>
  <resource identifier="RES-eXeUT_660c9975c2630dbce7aa6" type="webcontent" adlcp:scormtype="sco" href="69_tipo_de_un_objeto.html"> 
    <file href="69_tipo_de_un_objeto.html"/> 
    <file href="exe_html5.js"/>
    <dependency identifierref="COMMON_FILES"/>
  </resource>
  <resource identifier="RES-eXeUT_660c9975c2630dbce7aa8" type="webcontent" adlcp:scormtype="sco" href="610_atributos_de_clase.html"> 
    <file href="610_atributos_de_clase.html"/> 
    <file href="exe_html5.js"/>
    <dependency identifierref="COMMON_FILES"/>
  </resource>
  <resource identifier="RES-eXeUT_660c9975c2630dbce7aaa" type="webcontent" adlcp:scormtype="sco" href="611_mtodos_de_clase.html"> 
    <file href="611_mtodos_de_clase.html"/> 
    <file href="exe_html5.js"/>
    <dependency identifierref="COMMON_FILES"/>
  </resource>
  <resource identifier="RES-eXeUT_660c9975c2630dbce7aac" type="webcontent" adlcp:scormtype="sco" href="612_clases_y_mtodos_estticos.html"> 
    <file href="612_clases_y_mtodos_estticos.html"/> 
    <file href="exe_html5.js"/>
    <dependency identifierref="COMMON_FILES"/>
  </resource>
  <resource identifier="RES-eXeUT_660c9975c2630dbce7aae" type="webcontent" adlcp:scormtype="sco" href="613_clases_y_mtodos_abstractos.html"> 
    <file href="613_clases_y_mtodos_abstractos.html"/> 
    <file href="exe_html5.js"/>
    <dependency identifierref="COMMON_FILES"/>
  </resource>
  <resource identifier="RES-eXeUT_660c9975c2630dbce7bb0" type="webcontent" adlcp:scormtype="sco" href="614_mtodos_finales.html"> 
    <file href="614_mtodos_finales.html"/> 
    <file href="exe_html5.js"/>
    <dependency identifierref="COMMON_FILES"/>
  </resource>
  <resource identifier="RES-eXeUT_660c9975c2630dbce7bb2" type="webcontent" adlcp:scormtype="sco" href="615_ejemplos.html"> 
    <file href="615_ejemplos.html"/> 
    <file href="exe_html5.js"/>
    <dependency identifierref="COMMON_FILES"/>
  </resource>
  <resource identifier="RES-eXeUT_660c9975c2630dbce7bb4" type="webcontent" adlcp:scormtype="sco" href="616_ejercicios.html"> 
    <file href="616_ejercicios.html"/> 
    <file href="exe_html5.js"/>
    <file href="common.js"/>
    <dependency identifierref="COMMON_FILES"/>
  </resource>
  <resource identifier="RES-eXeUT_660c9975c2630dbce7bb6" type="webcontent" adlcp:scormtype="sco" href="617_interfaces.html"> 
    <file href="617_interfaces.html"/> 
    <file href="exe_html5.js"/>
    <dependency identifierref="COMMON_FILES"/>
  </resource>
  <resource identifier="RES-eXeUT_660c9975c2630dbce7cb8" type="webcontent" adlcp:scormtype="sco" href="618_decoradores.html"> 
    <file href="618_decoradores.html"/> 
    <file href="exe_html5.js"/>
    <dependency identifierref="COMMON_FILES"/>
  </resource>
  <resource identifier="RES-eXeUT_660c9975c2630dbce7cba" type="webcontent" adlcp:scormtype="sco" href="619_generadores.html"> 
    <file href="619_generadores.html"/> 
    <file href="exe_html5.js"/>
    <dependency identifierref="COMMON_FILES"/>
  </resource>
  <resource identifier="RES-eXeUT_660c9975c2630dbce7cbc" type="webcontent" adlcp:scormtype="sco" href="620_excepciones.html"> 
    <file href="620_excepciones.html"/> 
    <file href="exe_html5.js"/>
    <dependency identifierref="COMMON_FILES"/>
  </resource>
  <resource identifier="RES-eXeUT_660c9975c2630dbce7dbe" type="webcontent" adlcp:scormtype="sco" href="captura.html"> 
    <file href="captura.html"/> 
    <file href="exe_html5.js"/>
    <dependency identifierref="COMMON_FILES"/>
  </resource>
  <resource identifier="RES-eXeUT_660c9975c2630dbce7dc0" type="webcontent" adlcp:scormtype="sco" href="generacin_de_excepciones.html"> 
    <file href="generacin_de_excepciones.html"/> 
    <file href="exe_html5.js"/>
    <dependency identifierref="COMMON_FILES"/>
  </resource>
  <resource identifier="RES-eXeUT_660c9975c2630dbce7dc2" type="webcontent" adlcp:scormtype="sco" href="definicin_de_excepciones_propias.html"> 
    <file href="definicin_de_excepciones_propias.html"/> 
    <file href="exe_html5.js"/>
    <dependency identifierref="COMMON_FILES"/>
  </resource>
  <resource identifier="RES-eXeUT_660c9975c2630dbce7dc4" type="webcontent" adlcp:scormtype="sco" href="621_ejercicios.html"> 
    <file href="621_ejercicios.html"/> 
    <file href="exe_html5.js"/>
    <file href="05.png"/>
    <file href="04.png"/>
    <dependency identifierref="COMMON_FILES"/>
  </resource>
  <resource identifier="RES-eXeUT_660c9975c2630dbce7dc6" type="webcontent" adlcp:scormtype="sco" href="622_estructuras_de_datos.html"> 
    <file href="622_estructuras_de_datos.html"/> 
    <file href="exe_html5.js"/>
    <dependency identifierref="COMMON_FILES"/>
  </resource>
  <resource identifier="RES-eXeUT_660c9975c2630dbce7dc8" type="webcontent" adlcp:scormtype="sco" href="6221_pilas.html"> 
    <file href="6221_pilas.html"/> 
    <file href="exe_html5.js"/>
    <file href="06.png"/>
    <dependency identifierref="COMMON_FILES"/>
  </resource>
  <resource identifier="RES-eXeUT_660c9975c2630dbce7dca" type="webcontent" adlcp:scormtype="sco" href="6222_colas.html"> 
    <file href="6222_colas.html"/> 
    <file href="exe_html5.js"/>
    <file href="07.png"/>
    <dependency identifierref="COMMON_FILES"/>
  </resource>
  <resource identifier="RES-eXeUT_660c9975c2630dbce7ecc" type="webcontent" adlcp:scormtype="sco" href="6223_rboles.html"> 
    <file href="6223_rboles.html"/> 
    <file href="exe_html5.js"/>
    <file href="08.png"/>
    <dependency identifierref="COMMON_FILES"/>
  </resource>
  <resource identifier="RES-eXeUT_660c9975c2630dbce7ece" type="webcontent" adlcp:scormtype="sco" href="6224_grafos.html"> 
    <file href="6224_grafos.html"/> 
    <file href="exe_html5.js"/>
    <file href="09.png"/>
    <file href="11.png"/>
    <file href="10.jpg"/>
    <dependency identifierref="COMMON_FILES"/>
  </resource>
  <resource identifier="RES-eXeUT_660c9975c2630dbce7fd0" type="webcontent" adlcp:scormtype="sco" href="623_casos_de_prueba.html"> 
    <file href="623_casos_de_prueba.html"/> 
    <file href="exe_html5.js"/>
    <dependency identifierref="COMMON_FILES"/>
  </resource>
  <resource identifier="RES-eXeUT_660c9975c2630dbce7fd2" type="webcontent" adlcp:scormtype="sco" href="6231_creacin.html"> 
    <file href="6231_creacin.html"/> 
    <file href="exe_html5.js"/>
    <dependency identifierref="COMMON_FILES"/>
  </resource>
  <resource identifier="RES-eXeUT_660c9975c2630dbce7fd4" type="webcontent" adlcp:scormtype="sco" href="6232_resumen.html"> 
    <file href="6232_resumen.html"/> 
    <file href="exe_html5.js"/>
    <dependency identifierref="COMMON_FILES"/>
  </resource>
  <resource identifier="RES-eXeUT_660c9975c2630dbce7fd6" type="webcontent" adlcp:scormtype="sco" href="624_ejercicios.html"> 
    <file href="624_ejercicios.html"/> 
    <file href="exe_html5.js"/>
    <file href="common.js"/>
    <dependency identifierref="COMMON_FILES"/>
  </resource>
  <resource identifier="RES-eXeUT_660c9975c2630dbce7fd8" type="webcontent" adlcp:scormtype="sco" href="resumen0.html"> 
    <file href="resumen0.html"/> 
    <file href="exe_html5.js"/>
    <file href="map_1640284613937.png"/>
    <dependency identifierref="COMMON_FILES"/>
  </resource>
  <resource identifier="COMMON_FILES" type="webcontent" adlcp:scormtype="asset">
    <file href="config.xml"/>
    <file href="content.css"/>
    <file href="icon_activity.png"/>
    <file href="icon_agreement.png"/>
    <file href="icon_alert.png"/>
    <file href="icon_arts.png"/>
    <file href="icon_ask.png"/>
    <file href="icon_book.png"/>
    <file href="icon_calculate.png"/>
    <file href="icon_case.png"/>
    <file href="icon_collaborative.png"/>
    <file href="icon_competencies.png"/>
    <file href="icon_diary.png"/>
    <file href="icon_discuss.png"/>
    <file href="icon_download.png"/>
    <file href="icon_draw.png"/>
    <file href="icon_english.png"/>
    <file href="icon_experiment.png"/>
    <file href="icon_explore.png"/>
    <file href="icon_file.png"/>
    <file href="icon_gallery.png"/>
    <file href="icon_geography.png"/>
    <file href="icon_history.png"/>
    <file href="icon_info.png"/>
    <file href="icon_interactive.png"/>
    <file href="icon_letters.png"/>
    <file href="icon_listen.png"/>
    <file href="icon_math.png"/>
    <file href="icon_music.png"/>
    <file href="icon_nature.png"/>
    <file href="icon_objectives.png"/>
    <file href="icon_observe.png"/>
    <file href="icon_perform.png"/>
    <file href="icon_piece.png"/>
    <file href="icon_pieces.png"/>
    <file href="icon_play.png"/>
    <file href="icon_present.png"/>
    <file href="icon_reflection.png"/>
    <file href="icon_share.png"/>
    <file href="icon_sport.png"/>
    <file href="icon_start.png"/>
    <file href="icon_technology.png"/>
    <file href="icon_think.png"/>
    <file href="icon_video.png"/>
    <file href="nav.css"/>
    <file href="quicksand-regular-latin-ext.woff2"/>
    <file href="quicksand-regular-latin.woff2"/>
    <file href="quicksand-regular-vietnamese.woff2"/>
    <file href="_cedec_external_link.png"/>
    <file href="_cedec_icons.png"/>
    <file href="_cedec_icon_alert.png"/>
    <file href="_cedec_icon_danger.png"/>
    <file href="_cedec_icon_info.png"/>
    <file href="_cedec_icon_success.png"/>
    <file href="_cedec_icon_warning.png"/>
    <file href="_cedec_js.js"/>
    <file href="_cedec_left_column.gif"/>
    <file href="_cedec_licenses.gif"/>
    <file href="_cedec_loading.gif"/>
    <file href="_cedec_menu.gif"/>
    <file href="_cedec_pbl_duration.png"/>
    <file href="_cedec_pbl_participants.png"/>
    <file href="_cedec_print.gif"/>
    <file href="base.css"/>
    <file href="popup_bg.gif"/>
    <file href="SCORM_API_wrapper.js"/>
    <file href="SCOFunctions.js"/>
    <file href="common.js"/>
    <file href="common_i18n.js"/>
    <file href="exe_jquery.js"/>
    <file href="content.xsd"/>
    <file href="content.data"/>
    <file href="contentv3.xml"/>
    <file href="imslrm.xml"/>
  </resource>
</resources>
</manifest>
