<?xml version="1.0" encoding="UTF-8"?>
<!-- Generated by eXe - http://exelearning.net -->
<manifest identifier="eXeUT_460c9975c262f4799211" xmlns="http://www.imsproject.org/xsd/imscp_rootv1p1p2" xmlns:adlcp="http://www.adlnet.org/xsd/adlcp_rootv1p2" xmlns:imsmd="http://www.imsglobal.org/xsd/imsmd_v1p2" xmlns:xsi="http://www.w3.org/2001/XMLSchema-instance" xsi:schemaLocation="http://www.imsproject.org/xsd/imscp_rootv1p1p2 imscp_rootv1p1p2.xsd http://www.imsglobal.org/xsd/imsmd_rootv1p2p1 imsmd_rootv1p2p1.xsd http://www.adlnet.org/xsd/adlcp_rootv1p2 adlcp_rootv1p2.xsd" > 
<metadata> 
 <schema>ADL SCORM</schema> 
 <schemaversion>1.2</schemaversion> 
 <adlcp:location>imslrm.xml</adlcp:location> 
</metadata> 
<organizations default="eXeUT_460c9975c262f4799212">  
    <organization identifier="eXeUT_460c9975c262f4799212" structure="hierarchical">
        <title>1º DAW - Programación - UT 4</title>
<item identifier="ITEM-eXeUT_460c9975c262f4799213" isvisible="true" identifierref="RES-eXeUT_460c9975c262f4799214">
    <title>U.T. 4 POO</title>
<item identifier="ITEM-eXeUT_460c9975c262f4799215" isvisible="true" identifierref="RES-eXeUT_460c9975c262f4799216">
    <title>Orientaciones</title>
</item>
<item identifier="ITEM-eXeUT_460c9975c262f4799217" isvisible="true" identifierref="RES-eXeUT_460c9975c262f4799218">
    <title>4.1. Introducción</title>
<item identifier="ITEM-eXeUT_460c9975c262f4799219" isvisible="true" identifierref="RES-eXeUT_460c9975c262f479921a">
    <title>4.1.1. Cómo se piensa en clases y objetos</title>
</item>
<item identifier="ITEM-eXeUT_460c9975c262f479921b" isvisible="true" identifierref="RES-eXeUT_460c9975c262f479921c">
    <title>4.1.2. Resumen</title>
</item>
</item>
<item identifier="ITEM-eXeUT_460c9975c262f479921d" isvisible="true" identifierref="RES-eXeUT_460c9975c262f479921e">
    <title>4.2. Orígenes</title>
</item>
<item identifier="ITEM-eXeUT_460c9975c262f479922f" isvisible="true" identifierref="RES-eXeUT_460c9975c262f47992210">
    <title>4.3. Características de la POO</title>
<item identifier="ITEM-eXeUT_460c9975c262f47992211" isvisible="true" identifierref="RES-eXeUT_460c9975c262f47992212">
    <title>4.3.1. Ventajas y desventajas de la POO</title>
</item>
</item>
<item identifier="ITEM-eXeUT_460c9975c262f47992213" isvisible="true" identifierref="RES-eXeUT_460c9975c262f47992214">
    <title>4.4. Conceptos Fundamentales POO</title>
<item identifier="ITEM-eXeUT_460c9975c262f47992215" isvisible="true" identifierref="RES-eXeUT_460c9975c262f47992216">
    <title>4.4.1. Clases</title>
</item>
<item identifier="ITEM-eXeUT_460c9975c262f47992217" isvisible="true" identifierref="RES-eXeUT_460c9975c262f47992218">
    <title>4.4.2. Propiedades o atributos</title>
</item>
<item identifier="ITEM-eXeUT_460c9975c262f47992219" isvisible="true" identifierref="RES-eXeUT_460c9975c262f4799221a">
    <title>4.4.3. Métodos</title>
</item>
<item identifier="ITEM-eXeUT_460c9975c262f4799231b" isvisible="true" identifierref="RES-eXeUT_460c9975c262f4799231c">
    <title>4.4.4. Objetos</title>
</item>
<item identifier="ITEM-eXeUT_460c9975c262f4799231d" isvisible="true" identifierref="RES-eXeUT_460c9975c262f4799231e">
    <title>4.4.5. Encapsulación y Ocultación</title>
</item>
<item identifier="ITEM-eXeUT_460c9975c262f4799231f" isvisible="true" identifierref="RES-eXeUT_460c9975c262f47992320">
    <title>4.4.6. Abstracción</title>
</item>
<item identifier="ITEM-eXeUT_460c9975c262f47992321" isvisible="true" identifierref="RES-eXeUT_460c9975c262f47992322">
    <title>4.4.7. Herencia</title>
</item>
<item identifier="ITEM-eXeUT_460c9975c262f47992323" isvisible="true" identifierref="RES-eXeUT_460c9975c262f47992324">
    <title>4.4.8. Relaciones entre las clases</title>
</item>
<item identifier="ITEM-eXeUT_460c9975c262f47992425" isvisible="true" identifierref="RES-eXeUT_460c9975c262f47992426">
    <title>4.4.9. Sobrecarga</title>
</item>
<item identifier="ITEM-eXeUT_460c9975c262f47992427" isvisible="true" identifierref="RES-eXeUT_460c9975c262f47992428">
    <title>4.4.10. Polimorfismo y Enlace Dinámico</title>
</item>
<item identifier="ITEM-eXeUT_460c9975c262f47992429" isvisible="true" identifierref="RES-eXeUT_460c9975c262f4799242a">
    <title>4.4.11. Mensajes</title>
</item>
</item>
<item identifier="ITEM-eXeUT_460c9975c262f4799242b" isvisible="true" identifierref="RES-eXeUT_460c9975c262f4799242c">
    <title>4.5. Lenguajes</title>
</item>
<item identifier="ITEM-eXeUT_460c9975c262f4799252d" isvisible="true" identifierref="RES-eXeUT_460c9975c262f4799252e">
    <title>4.6. Ejercicios</title>
</item>
<item identifier="ITEM-eXeUT_460c9975c262f4799252f" isvisible="true" identifierref="RES-eXeUT_460c9975c262f47992530">
    <title>Resumen</title>
</item>
</item>
  </organization>
</organizations>
<resources>
  <resource identifier="RES-eXeUT_460c9975c262f4799214" type="webcontent" adlcp:scormtype="sco" href="index.html"> 
    <file href="index.html"/> 
    <file href="exe_html5.js"/>
    <dependency identifierref="COMMON_FILES"/>
  </resource>
  <resource identifier="RES-eXeUT_460c9975c262f4799216" type="webcontent" adlcp:scormtype="sco" href="orientaciones.html"> 
    <file href="orientaciones.html"/> 
    <file href="exe_html5.js"/>
    <dependency identifierref="COMMON_FILES"/>
  </resource>
  <resource identifier="RES-eXeUT_460c9975c262f4799218" type="webcontent" adlcp:scormtype="sco" href="41_introduccin.html"> 
    <file href="41_introduccin.html"/> 
    <file href="exe_html5.js"/>
    <dependency identifierref="COMMON_FILES"/>
  </resource>
  <resource identifier="RES-eXeUT_460c9975c262f479921a" type="webcontent" adlcp:scormtype="sco" href="411_cmo_se_piensa_en_clases_y_objetos.html"> 
    <file href="411_cmo_se_piensa_en_clases_y_objetos.html"/> 
    <file href="exe_html5.js"/>
    <dependency identifierref="COMMON_FILES"/>
  </resource>
  <resource identifier="RES-eXeUT_460c9975c262f479921c" type="webcontent" adlcp:scormtype="sco" href="412_resumen.html"> 
    <file href="412_resumen.html"/> 
    <file href="exe_html5.js"/>
    <file href="00.png"/>
    <dependency identifierref="COMMON_FILES"/>
  </resource>
  <resource identifier="RES-eXeUT_460c9975c262f479921e" type="webcontent" adlcp:scormtype="sco" href="42_orgenes.html"> 
    <file href="42_orgenes.html"/> 
    <file href="exe_html5.js"/>
    <file href="01.jpg"/>
    <dependency identifierref="COMMON_FILES"/>
  </resource>
  <resource identifier="RES-eXeUT_460c9975c262f47992210" type="webcontent" adlcp:scormtype="sco" href="43_caractersticas_de_la_poo.html"> 
    <file href="43_caractersticas_de_la_poo.html"/> 
    <file href="exe_html5.js"/>
    <dependency identifierref="COMMON_FILES"/>
  </resource>
  <resource identifier="RES-eXeUT_460c9975c262f47992212" type="webcontent" adlcp:scormtype="sco" href="431_ventajas_y_desventajas_de_la_poo.html"> 
    <file href="431_ventajas_y_desventajas_de_la_poo.html"/> 
    <file href="exe_html5.js"/>
    <dependency identifierref="COMMON_FILES"/>
  </resource>
  <resource identifier="RES-eXeUT_460c9975c262f47992214" type="webcontent" adlcp:scormtype="sco" href="44_conceptos_fundamentales_poo.html"> 
    <file href="44_conceptos_fundamentales_poo.html"/> 
    <file href="exe_html5.js"/>
    <dependency identifierref="COMMON_FILES"/>
  </resource>
  <resource identifier="RES-eXeUT_460c9975c262f47992216" type="webcontent" adlcp:scormtype="sco" href="441_clases.html"> 
    <file href="441_clases.html"/> 
    <file href="exe_html5.js"/>
    <file href="02.png"/>
    <dependency identifierref="COMMON_FILES"/>
  </resource>
  <resource identifier="RES-eXeUT_460c9975c262f47992218" type="webcontent" adlcp:scormtype="sco" href="442_propiedades_o_atributos.html"> 
    <file href="442_propiedades_o_atributos.html"/> 
    <file href="exe_html5.js"/>
    <file href="03.png"/>
    <dependency identifierref="COMMON_FILES"/>
  </resource>
  <resource identifier="RES-eXeUT_460c9975c262f4799221a" type="webcontent" adlcp:scormtype="sco" href="443_mtodos.html"> 
    <file href="443_mtodos.html"/> 
    <file href="exe_html5.js"/>
    <file href="03.png"/>
    <file href="common.js"/>
    <dependency identifierref="COMMON_FILES"/>
  </resource>
  <resource identifier="RES-eXeUT_460c9975c262f4799231c" type="webcontent" adlcp:scormtype="sco" href="444_objetos.html"> 
    <file href="444_objetos.html"/> 
    <file href="exe_html5.js"/>
    <file href="04.png"/>
    <dependency identifierref="COMMON_FILES"/>
  </resource>
  <resource identifier="RES-eXeUT_460c9975c262f4799231e" type="webcontent" adlcp:scormtype="sco" href="445_encapsulacin_y_ocultacin.html"> 
    <file href="445_encapsulacin_y_ocultacin.html"/> 
    <file href="exe_html5.js"/>
    <file href="05.png"/>
    <dependency identifierref="COMMON_FILES"/>
  </resource>
  <resource identifier="RES-eXeUT_460c9975c262f47992320" type="webcontent" adlcp:scormtype="sco" href="446_abstraccin.html"> 
    <file href="446_abstraccin.html"/> 
    <file href="exe_html5.js"/>
    <file href="07.png"/>
    <file href="06.png"/>
    <dependency identifierref="COMMON_FILES"/>
  </resource>
  <resource identifier="RES-eXeUT_460c9975c262f47992322" type="webcontent" adlcp:scormtype="sco" href="447_herencia.html"> 
    <file href="447_herencia.html"/> 
    <file href="exe_html5.js"/>
    <file href="09.png"/>
    <file href="08.png"/>
    <file href="07.png"/>
    <dependency identifierref="COMMON_FILES"/>
  </resource>
  <resource identifier="RES-eXeUT_460c9975c262f47992324" type="webcontent" adlcp:scormtype="sco" href="448_relaciones_entre_las_clases.html"> 
    <file href="448_relaciones_entre_las_clases.html"/> 
    <file href="exe_html5.js"/>
    <file href="12.png"/>
    <file href="13.png"/>
    <file href="10.png"/>
    <file href="11.png"/>
    <file href="14.png"/>
    <file href="15.png"/>
    <dependency identifierref="COMMON_FILES"/>
  </resource>
  <resource identifier="RES-eXeUT_460c9975c262f47992426" type="webcontent" adlcp:scormtype="sco" href="449_sobrecarga.html"> 
    <file href="449_sobrecarga.html"/> 
    <file href="exe_html5.js"/>
    <file href="16.png"/>
    <dependency identifierref="COMMON_FILES"/>
  </resource>
  <resource identifier="RES-eXeUT_460c9975c262f47992428" type="webcontent" adlcp:scormtype="sco" href="4410_polimorfismo_y_enlace_dinmico.html"> 
    <file href="4410_polimorfismo_y_enlace_dinmico.html"/> 
    <file href="exe_html5.js"/>
    <file href="17.png"/>
    <dependency identifierref="COMMON_FILES"/>
  </resource>
  <resource identifier="RES-eXeUT_460c9975c262f4799242a" type="webcontent" adlcp:scormtype="sco" href="4411_mensajes.html"> 
    <file href="4411_mensajes.html"/> 
    <file href="exe_html5.js"/>
    <file href="18.png"/>
    <dependency identifierref="COMMON_FILES"/>
  </resource>
  <resource identifier="RES-eXeUT_460c9975c262f4799242c" type="webcontent" adlcp:scormtype="sco" href="45_lenguajes.html"> 
    <file href="45_lenguajes.html"/> 
    <file href="exe_html5.js"/>
    <dependency identifierref="COMMON_FILES"/>
  </resource>
  <resource identifier="RES-eXeUT_460c9975c262f4799252e" type="webcontent" adlcp:scormtype="sco" href="46_ejercicios.html"> 
    <file href="46_ejercicios.html"/> 
    <file href="exe_html5.js"/>
    <file href="common.js"/>
    <dependency identifierref="COMMON_FILES"/>
  </resource>
  <resource identifier="RES-eXeUT_460c9975c262f47992530" type="webcontent" adlcp:scormtype="sco" href="resumen.html"> 
    <file href="resumen.html"/> 
    <file href="exe_html5.js"/>
    <file href="map_1640019746892.png"/>
    <dependency identifierref="COMMON_FILES"/>
  </resource>
  <resource identifier="COMMON_FILES" type="webcontent" adlcp:scormtype="asset">
    <file href="config.xml"/>
    <file href="content.css"/>
    <file href="icon_activity.png"/>
    <file href="icon_agreement.png"/>
    <file href="icon_alert.png"/>
    <file href="icon_arts.png"/>
    <file href="icon_ask.png"/>
    <file href="icon_book.png"/>
    <file href="icon_calculate.png"/>
    <file href="icon_case.png"/>
    <file href="icon_collaborative.png"/>
    <file href="icon_competencies.png"/>
    <file href="icon_diary.png"/>
    <file href="icon_discuss.png"/>
    <file href="icon_download.png"/>
    <file href="icon_draw.png"/>
    <file href="icon_english.png"/>
    <file href="icon_experiment.png"/>
    <file href="icon_explore.png"/>
    <file href="icon_file.png"/>
    <file href="icon_gallery.png"/>
    <file href="icon_geography.png"/>
    <file href="icon_history.png"/>
    <file href="icon_info.png"/>
    <file href="icon_interactive.png"/>
    <file href="icon_letters.png"/>
    <file href="icon_listen.png"/>
    <file href="icon_math.png"/>
    <file href="icon_music.png"/>
    <file href="icon_nature.png"/>
    <file href="icon_objectives.png"/>
    <file href="icon_observe.png"/>
    <file href="icon_perform.png"/>
    <file href="icon_piece.png"/>
    <file href="icon_pieces.png"/>
    <file href="icon_play.png"/>
    <file href="icon_present.png"/>
    <file href="icon_reflection.png"/>
    <file href="icon_share.png"/>
    <file href="icon_sport.png"/>
    <file href="icon_start.png"/>
    <file href="icon_technology.png"/>
    <file href="icon_think.png"/>
    <file href="icon_video.png"/>
    <file href="nav.css"/>
    <file href="quicksand-regular-latin-ext.woff2"/>
    <file href="quicksand-regular-latin.woff2"/>
    <file href="quicksand-regular-vietnamese.woff2"/>
    <file href="_cedec_external_link.png"/>
    <file href="_cedec_icons.png"/>
    <file href="_cedec_icon_alert.png"/>
    <file href="_cedec_icon_danger.png"/>
    <file href="_cedec_icon_info.png"/>
    <file href="_cedec_icon_success.png"/>
    <file href="_cedec_icon_warning.png"/>
    <file href="_cedec_js.js"/>
    <file href="_cedec_left_column.gif"/>
    <file href="_cedec_licenses.gif"/>
    <file href="_cedec_loading.gif"/>
    <file href="_cedec_menu.gif"/>
    <file href="_cedec_pbl_duration.png"/>
    <file href="_cedec_pbl_participants.png"/>
    <file href="_cedec_print.gif"/>
    <file href="base.css"/>
    <file href="popup_bg.gif"/>
    <file href="SCORM_API_wrapper.js"/>
    <file href="SCOFunctions.js"/>
    <file href="common.js"/>
    <file href="common_i18n.js"/>
    <file href="exe_jquery.js"/>
    <file href="content.xsd"/>
    <file href="content.data"/>
    <file href="contentv3.xml"/>
    <file href="imslrm.xml"/>
  </resource>
</resources>
</manifest>
