<?xml version="1.0" encoding="UTF-8"?>
<!-- Generated by eXe - http://exelearning.net -->
<manifest identifier="eXeUT_560c9975c262fd608971" xmlns="http://www.imsproject.org/xsd/imscp_rootv1p1p2" xmlns:adlcp="http://www.adlnet.org/xsd/adlcp_rootv1p2" xmlns:imsmd="http://www.imsglobal.org/xsd/imsmd_v1p2" xmlns:xsi="http://www.w3.org/2001/XMLSchema-instance" xsi:schemaLocation="http://www.imsproject.org/xsd/imscp_rootv1p1p2 imscp_rootv1p1p2.xsd http://www.imsglobal.org/xsd/imsmd_rootv1p2p1 imsmd_rootv1p2p1.xsd http://www.adlnet.org/xsd/adlcp_rootv1p2 adlcp_rootv1p2.xsd" > 
<metadata> 
 <schema>ADL SCORM</schema> 
 <schemaversion>1.2</schemaversion> 
 <adlcp:location>imslrm.xml</adlcp:location> 
</metadata> 
<organizations default="eXeUT_560c9975c262fd608972">  
    <organization identifier="eXeUT_560c9975c262fd608972" structure="hierarchical">
        <title>1º DAW - Programación - UT 5</title>
<item identifier="ITEM-eXeUT_560c9975c262fd608973" isvisible="true" identifierref="RES-eXeUT_560c9975c262fd608974">
    <title>U.T. 5 POO en Python (I)</title>
<item identifier="ITEM-eXeUT_560c9975c262fd608975" isvisible="true" identifierref="RES-eXeUT_560c9975c262fd608976">
    <title>Orientaciones</title>
</item>
<item identifier="ITEM-eXeUT_560c9975c262fd608977" isvisible="true" identifierref="RES-eXeUT_560c9975c262fd608978">
    <title>5.1. Clases</title>
<item identifier="ITEM-eXeUT_560c9975c262fd608989" isvisible="true" identifierref="RES-eXeUT_560c9975c262fd60898a">
    <title>5.1.1. Visibilidad</title>
</item>
<item identifier="ITEM-eXeUT_560c9975c262fd60898b" isvisible="true" identifierref="RES-eXeUT_560c9975c262fd60898c">
    <title>5.1.2. Definición</title>
</item>
<item identifier="ITEM-eXeUT_560c9975c262fd60898d" isvisible="true" identifierref="RES-eXeUT_560c9975c262fd60898e">
    <title>5.1.3. Nombrado de las clases</title>
</item>
<item identifier="ITEM-eXeUT_560c9975c262fd60898f" isvisible="true" identifierref="RES-eXeUT_560c9975c262fd6089810">
    <title>5.1.4. Creación y utilización de atributos.</title>
</item>
<item identifier="ITEM-eXeUT_560c9975c262fd6089911" isvisible="true" identifierref="RES-eXeUT_560c9975c262fd6089912">
    <title>5.1.5. Ejercicios</title>
</item>
<item identifier="ITEM-eXeUT_560c9975c262fd6089913" isvisible="true" identifierref="RES-eXeUT_560c9975c262fd6089914">
    <title>5.1.6. Creación y utilización de métodos.</title>
<item identifier="ITEM-eXeUT_560c9975c262fd6089915" isvisible="true" identifierref="RES-eXeUT_560c9975c262fd6089916">
    <title>Definición</title>
</item>
<item identifier="ITEM-eXeUT_560c9975c262fd6089a17" isvisible="true" identifierref="RES-eXeUT_560c9975c262fd6089a18">
    <title>Parámetros</title>
</item>
<item identifier="ITEM-eXeUT_560c9975c262fd6089a19" isvisible="true" identifierref="RES-eXeUT_560c9975c262fd6089a1a">
    <title>Parámetros por defecto</title>
</item>
<item identifier="ITEM-eXeUT_560c9975c262fd6089a1b" isvisible="true" identifierref="RES-eXeUT_560c9975c262fd6089a1c">
    <title>Paso de parámetros por palabras clave</title>
</item>
<item identifier="ITEM-eXeUT_560c9975c262fd6089a1d" isvisible="true" identifierref="RES-eXeUT_560c9975c262fd6089a1e">
    <title>Número indeterminado de parámetros</title>
</item>
<item identifier="ITEM-eXeUT_560c9975c262fd6089b1f" isvisible="true" identifierref="RES-eXeUT_560c9975c262fd6089b20">
    <title>Desempaquetado de parámetros</title>
</item>
<item identifier="ITEM-eXeUT_560c9975c262fd6089b21" isvisible="true" identifierref="RES-eXeUT_560c9975c262fd6089b22">
    <title>Sugerencias de tipos en los parámetros</title>
</item>
<item identifier="ITEM-eXeUT_560c9975c262fd6089b23" isvisible="true" identifierref="RES-eXeUT_560c9975c262fd6089b24">
    <title>Devolución de valores</title>
</item>
<item identifier="ITEM-eXeUT_560c9975c262fd6089b25" isvisible="true" identifierref="RES-eXeUT_560c9975c262fd6089b26">
    <title>Funciones lambda o anónimas</title>
</item>
<item identifier="ITEM-eXeUT_560c9975c262fd6089b27" isvisible="true" identifierref="RES-eXeUT_560c9975c262fd6089b28">
    <title>Paso de métodos a funciones</title>
</item>
<item identifier="ITEM-eXeUT_560c9975c262fd6089b29" isvisible="true" identifierref="RES-eXeUT_560c9975c262fd6089b2a">
    <title>Creación y utilización de constructores y destructores</title>
</item>
<item identifier="ITEM-eXeUT_560c9975c262fd6089b2b" isvisible="true" identifierref="RES-eXeUT_560c9975c262fd6089b2c">
    <title>Propiedades</title>
</item>
<item identifier="ITEM-eXeUT_560c9975c262fd6089c2d" isvisible="true" identifierref="RES-eXeUT_560c9975c262fd6089c2e">
    <title>Ejemplos</title>
</item>
</item>
<item identifier="ITEM-eXeUT_560c9975c262fd6089c2f" isvisible="true" identifierref="RES-eXeUT_560c9975c262fd6089c30">
    <title>5.1.7. Ejercicio</title>
</item>
</item>
<item identifier="ITEM-eXeUT_560c9975c262fd6089c31" isvisible="true" identifierref="RES-eXeUT_560c9975c262fd6089c32">
    <title>5.2. Objetos</title>
<item identifier="ITEM-eXeUT_560c9975c262fd6089c33" isvisible="true" identifierref="RES-eXeUT_560c9975c262fd6089c34">
    <title>5.2.1. Creación y uso de objetos</title>
</item>
<item identifier="ITEM-eXeUT_560c9975c262fd6089d35" isvisible="true" identifierref="RES-eXeUT_560c9975c262fd6089d36">
    <title>5.2.2. Visibilidad</title>
</item>
<item identifier="ITEM-eXeUT_560c9975c262fd6089d37" isvisible="true" identifierref="RES-eXeUT_560c9975c262fd6089d38">
    <title>5.2.3. Ejercicio</title>
</item>
</item>
<item identifier="ITEM-eXeUT_560c9975c262fd6089d39" isvisible="true" identifierref="RES-eXeUT_560c9975c262fd6089d3a">
    <title>5.3. Paquetes</title>
<item identifier="ITEM-eXeUT_560c9975c262fd6089d3b" isvisible="true" identifierref="RES-eXeUT_560c9975c262fd6089d3c">
    <title>5.3.1. Módulos</title>
</item>
<item identifier="ITEM-eXeUT_560c9975c262fd6089d3d" isvisible="true" identifierref="RES-eXeUT_560c9975c262fd6089d3e">
    <title>5.3.2. Paquete</title>
</item>
<item identifier="ITEM-eXeUT_560c9975c262fd6089d3f" isvisible="true" identifierref="RES-eXeUT_560c9975c262fd6089d40">
    <title>5.3.3. Ejemplo</title>
</item>
<item identifier="ITEM-eXeUT_560c9975c262fd6089d41" isvisible="true" identifierref="RES-eXeUT_560c9975c262fd6089d42">
    <title>5.3.4. Uso de import</title>
</item>
</item>
<item identifier="ITEM-eXeUT_560c9975c262fd6089e43" isvisible="true" identifierref="RES-eXeUT_560c9975c262fd6089e44">
    <title>5.4. Destrucción de objetos y Liberación de memoria</title>
<item identifier="ITEM-eXeUT_560c9975c262fd6089e45" isvisible="true" identifierref="RES-eXeUT_560c9975c262fd6089e46">
    <title>5.4.1 La gestión del recolector de basuras</title>
</item>
</item>
<item identifier="ITEM-eXeUT_560c9975c262fd6089e47" isvisible="true" identifierref="RES-eXeUT_560c9975c262fd6089e48">
    <title>5.5. Librería estándar</title>
<item identifier="ITEM-eXeUT_560c9975c262fd6089e49" isvisible="true" identifierref="RES-eXeUT_560c9975c262fd6089e4a">
    <title>5.5.1 Cadenas, clase str</title>
<item identifier="ITEM-eXeUT_560c9975c262fd6089e4b" isvisible="true" identifierref="RES-eXeUT_560c9975c262fd6089e4c">
    <title>Cadenas de caracteres.</title>
</item>
<item identifier="ITEM-eXeUT_560c9975c262fd6089e4d" isvisible="true" identifierref="RES-eXeUT_560c9975c262fd6089e4e">
    <title>Ejercicios</title>
</item>
<item identifier="ITEM-eXeUT_560c9975c262fd6089f4f" isvisible="true" identifierref="RES-eXeUT_560c9975c262fd6089f50">
    <title>Expresiones regulares.</title>
<item identifier="ITEM-eXeUT_560c9975c262fd6089f51" isvisible="true" identifierref="RES-eXeUT_560c9975c262fd6089f52">
    <title>Patrones</title>
</item>
<item identifier="ITEM-eXeUT_560c9975c262fd6089f53" isvisible="true" identifierref="RES-eXeUT_560c9975c262fd6089f54">
    <title>Metacaracteres</title>
</item>
<item identifier="ITEM-eXeUT_560c9975c262fd6089f55" isvisible="true" identifierref="RES-eXeUT_560c9975c262fd6089f56">
    <title>Elementos de una expresión</title>
</item>
<item identifier="ITEM-eXeUT_560c9975c262fd6089f57" isvisible="true" identifierref="RES-eXeUT_560c9975c262fd6089f58">
    <title>Ejemplos</title>
</item>
<item identifier="ITEM-eXeUT_560c9975c262fd6089f59" isvisible="true" identifierref="RES-eXeUT_560c9975c262fd6089f5a">
    <title>Módulo re</title>
</item>
</item>
</item>
<item identifier="ITEM-eXeUT_560c9975c262fd608a05b" isvisible="true" identifierref="RES-eXeUT_560c9975c262fd608a05c">
    <title>5.5.2. Math</title>
</item>
<item identifier="ITEM-eXeUT_560c9975c262fd608a05d" isvisible="true" identifierref="RES-eXeUT_560c9975c262fd608a05e">
    <title>5.5.3. Pandas</title>
</item>
<item identifier="ITEM-eXeUT_560c9975c262fd608a05f" isvisible="true" identifierref="RES-eXeUT_560c9975c262fd608a060">
    <title>5.5.4. NumPy</title>
</item>
<item identifier="ITEM-eXeUT_560c9975c262fd608a161" isvisible="true" identifierref="RES-eXeUT_560c9975c262fd608a162">
    <title>5.5.5. Mathplotlib</title>
</item>
</item>
<item identifier="ITEM-eXeUT_560c9975c262fd608a163" isvisible="true" identifierref="RES-eXeUT_560c9975c262fd608a164">
    <title>5.6. Caso Práctico Dawbank</title>
</item>
<item identifier="ITEM-eXeUT_560c9975c262fd608a165" isvisible="true" identifierref="RES-eXeUT_560c9975c262fd608a166">
    <title>Resumen</title>
</item>
</item>
  </organization>
</organizations>
<resources>
  <resource identifier="RES-eXeUT_560c9975c262fd608974" type="webcontent" adlcp:scormtype="sco" href="index.html"> 
    <file href="index.html"/> 
    <file href="exe_html5.js"/>
    <dependency identifierref="COMMON_FILES"/>
  </resource>
  <resource identifier="RES-eXeUT_560c9975c262fd608976" type="webcontent" adlcp:scormtype="sco" href="orientaciones.html"> 
    <file href="orientaciones.html"/> 
    <file href="exe_html5.js"/>
    <dependency identifierref="COMMON_FILES"/>
  </resource>
  <resource identifier="RES-eXeUT_560c9975c262fd608978" type="webcontent" adlcp:scormtype="sco" href="51_clases.html"> 
    <file href="51_clases.html"/> 
    <file href="exe_html5.js"/>
    <file href="01.png"/>
    <file href="00.png"/>
    <file href="common.js"/>
    <dependency identifierref="COMMON_FILES"/>
  </resource>
  <resource identifier="RES-eXeUT_560c9975c262fd60898a" type="webcontent" adlcp:scormtype="sco" href="511_visibilidad.html"> 
    <file href="511_visibilidad.html"/> 
    <file href="exe_html5.js"/>
    <file href="02.png"/>
    <dependency identifierref="COMMON_FILES"/>
  </resource>
  <resource identifier="RES-eXeUT_560c9975c262fd60898c" type="webcontent" adlcp:scormtype="sco" href="512_definicin.html"> 
    <file href="512_definicin.html"/> 
    <file href="exe_html5.js"/>
    <file href="common.js"/>
    <dependency identifierref="COMMON_FILES"/>
  </resource>
  <resource identifier="RES-eXeUT_560c9975c262fd60898e" type="webcontent" adlcp:scormtype="sco" href="513_nombrado_de_las_clases.html"> 
    <file href="513_nombrado_de_las_clases.html"/> 
    <file href="exe_html5.js"/>
    <dependency identifierref="COMMON_FILES"/>
  </resource>
  <resource identifier="RES-eXeUT_560c9975c262fd6089810" type="webcontent" adlcp:scormtype="sco" href="514_creacin_y_utilizacin_de_atributos.html"> 
    <file href="514_creacin_y_utilizacin_de_atributos.html"/> 
    <file href="exe_html5.js"/>
    <dependency identifierref="COMMON_FILES"/>
  </resource>
  <resource identifier="RES-eXeUT_560c9975c262fd6089912" type="webcontent" adlcp:scormtype="sco" href="515_ejercicios.html"> 
    <file href="515_ejercicios.html"/> 
    <file href="exe_html5.js"/>
    <dependency identifierref="COMMON_FILES"/>
  </resource>
  <resource identifier="RES-eXeUT_560c9975c262fd6089914" type="webcontent" adlcp:scormtype="sco" href="516_creacin_y_utilizacin_de_mtodos.html"> 
    <file href="516_creacin_y_utilizacin_de_mtodos.html"/> 
    <file href="exe_html5.js"/>
    <file href="common.js"/>
    <dependency identifierref="COMMON_FILES"/>
  </resource>
  <resource identifier="RES-eXeUT_560c9975c262fd6089916" type="webcontent" adlcp:scormtype="sco" href="definicin.html"> 
    <file href="definicin.html"/> 
    <file href="exe_html5.js"/>
    <dependency identifierref="COMMON_FILES"/>
  </resource>
  <resource identifier="RES-eXeUT_560c9975c262fd6089a18" type="webcontent" adlcp:scormtype="sco" href="parmetros.html"> 
    <file href="parmetros.html"/> 
    <file href="exe_html5.js"/>
    <file href="03.gif"/>
    <dependency identifierref="COMMON_FILES"/>
  </resource>
  <resource identifier="RES-eXeUT_560c9975c262fd6089a1a" type="webcontent" adlcp:scormtype="sco" href="parmetros_por_defecto.html"> 
    <file href="parmetros_por_defecto.html"/> 
    <file href="exe_html5.js"/>
    <dependency identifierref="COMMON_FILES"/>
  </resource>
  <resource identifier="RES-eXeUT_560c9975c262fd6089a1c" type="webcontent" adlcp:scormtype="sco" href="paso_de_parmetros_por_palabras_clave.html"> 
    <file href="paso_de_parmetros_por_palabras_clave.html"/> 
    <file href="exe_html5.js"/>
    <dependency identifierref="COMMON_FILES"/>
  </resource>
  <resource identifier="RES-eXeUT_560c9975c262fd6089a1e" type="webcontent" adlcp:scormtype="sco" href="nmero_indeterminado_de_parmetros.html"> 
    <file href="nmero_indeterminado_de_parmetros.html"/> 
    <file href="exe_html5.js"/>
    <dependency identifierref="COMMON_FILES"/>
  </resource>
  <resource identifier="RES-eXeUT_560c9975c262fd6089b20" type="webcontent" adlcp:scormtype="sco" href="desempaquetado_de_parmetros.html"> 
    <file href="desempaquetado_de_parmetros.html"/> 
    <file href="exe_html5.js"/>
    <dependency identifierref="COMMON_FILES"/>
  </resource>
  <resource identifier="RES-eXeUT_560c9975c262fd6089b22" type="webcontent" adlcp:scormtype="sco" href="sugerencias_de_tipos_en_los_parmetros.html"> 
    <file href="sugerencias_de_tipos_en_los_parmetros.html"/> 
    <file href="exe_html5.js"/>
    <dependency identifierref="COMMON_FILES"/>
  </resource>
  <resource identifier="RES-eXeUT_560c9975c262fd6089b24" type="webcontent" adlcp:scormtype="sco" href="devolucin_de_valores.html"> 
    <file href="devolucin_de_valores.html"/> 
    <file href="exe_html5.js"/>
    <dependency identifierref="COMMON_FILES"/>
  </resource>
  <resource identifier="RES-eXeUT_560c9975c262fd6089b26" type="webcontent" adlcp:scormtype="sco" href="funciones_lambda_o_annimas.html"> 
    <file href="funciones_lambda_o_annimas.html"/> 
    <file href="exe_html5.js"/>
    <dependency identifierref="COMMON_FILES"/>
  </resource>
  <resource identifier="RES-eXeUT_560c9975c262fd6089b28" type="webcontent" adlcp:scormtype="sco" href="paso_de_mtodos_a_funciones.html"> 
    <file href="paso_de_mtodos_a_funciones.html"/> 
    <file href="exe_html5.js"/>
    <dependency identifierref="COMMON_FILES"/>
  </resource>
  <resource identifier="RES-eXeUT_560c9975c262fd6089b2a" type="webcontent" adlcp:scormtype="sco" href="creacin_y_utilizacin_de_constructores_y_destructores.html"> 
    <file href="creacin_y_utilizacin_de_constructores_y_destructores.html"/> 
    <file href="exe_html5.js"/>
    <dependency identifierref="COMMON_FILES"/>
  </resource>
  <resource identifier="RES-eXeUT_560c9975c262fd6089b2c" type="webcontent" adlcp:scormtype="sco" href="propiedades.html"> 
    <file href="propiedades.html"/> 
    <file href="exe_html5.js"/>
    <dependency identifierref="COMMON_FILES"/>
  </resource>
  <resource identifier="RES-eXeUT_560c9975c262fd6089c2e" type="webcontent" adlcp:scormtype="sco" href="ejemplos.html"> 
    <file href="ejemplos.html"/> 
    <file href="exe_html5.js"/>
    <file href="05.png"/>
    <file href="04.png"/>
    <dependency identifierref="COMMON_FILES"/>
  </resource>
  <resource identifier="RES-eXeUT_560c9975c262fd6089c30" type="webcontent" adlcp:scormtype="sco" href="517_ejercicio.html"> 
    <file href="517_ejercicio.html"/> 
    <file href="exe_html5.js"/>
    <file href="08.png"/>
    <dependency identifierref="COMMON_FILES"/>
  </resource>
  <resource identifier="RES-eXeUT_560c9975c262fd6089c32" type="webcontent" adlcp:scormtype="sco" href="52_objetos.html"> 
    <file href="52_objetos.html"/> 
    <file href="exe_html5.js"/>
    <file href="06.png"/>
    <dependency identifierref="COMMON_FILES"/>
  </resource>
  <resource identifier="RES-eXeUT_560c9975c262fd6089c34" type="webcontent" adlcp:scormtype="sco" href="521_creacin_y_uso_de_objetos.html"> 
    <file href="521_creacin_y_uso_de_objetos.html"/> 
    <file href="exe_html5.js"/>
    <dependency identifierref="COMMON_FILES"/>
  </resource>
  <resource identifier="RES-eXeUT_560c9975c262fd6089d36" type="webcontent" adlcp:scormtype="sco" href="522_visibilidad.html"> 
    <file href="522_visibilidad.html"/> 
    <file href="exe_html5.js"/>
    <file href="02.png"/>
    <dependency identifierref="COMMON_FILES"/>
  </resource>
  <resource identifier="RES-eXeUT_560c9975c262fd6089d38" type="webcontent" adlcp:scormtype="sco" href="523_ejercicio.html"> 
    <file href="523_ejercicio.html"/> 
    <file href="exe_html5.js"/>
    <file href="07.png"/>
    <dependency identifierref="COMMON_FILES"/>
  </resource>
  <resource identifier="RES-eXeUT_560c9975c262fd6089d3a" type="webcontent" adlcp:scormtype="sco" href="53_paquetes.html"> 
    <file href="53_paquetes.html"/> 
    <file href="exe_html5.js"/>
    <dependency identifierref="COMMON_FILES"/>
  </resource>
  <resource identifier="RES-eXeUT_560c9975c262fd6089d3c" type="webcontent" adlcp:scormtype="sco" href="531_mdulos.html"> 
    <file href="531_mdulos.html"/> 
    <file href="exe_html5.js"/>
    <dependency identifierref="COMMON_FILES"/>
  </resource>
  <resource identifier="RES-eXeUT_560c9975c262fd6089d3e" type="webcontent" adlcp:scormtype="sco" href="532_paquete.html"> 
    <file href="532_paquete.html"/> 
    <file href="exe_html5.js"/>
    <dependency identifierref="COMMON_FILES"/>
  </resource>
  <resource identifier="RES-eXeUT_560c9975c262fd6089d40" type="webcontent" adlcp:scormtype="sco" href="533_ejemplo.html"> 
    <file href="533_ejemplo.html"/> 
    <file href="exe_html5.js"/>
    <file href="09.png"/>
    <dependency identifierref="COMMON_FILES"/>
  </resource>
  <resource identifier="RES-eXeUT_560c9975c262fd6089d42" type="webcontent" adlcp:scormtype="sco" href="534_uso_de_import.html"> 
    <file href="534_uso_de_import.html"/> 
    <file href="exe_html5.js"/>
    <dependency identifierref="COMMON_FILES"/>
  </resource>
  <resource identifier="RES-eXeUT_560c9975c262fd6089e44" type="webcontent" adlcp:scormtype="sco" href="54_destruccin_de_objetos_y_liberacin_de_memoria.html"> 
    <file href="54_destruccin_de_objetos_y_liberacin_de_memoria.html"/> 
    <file href="exe_html5.js"/>
    <dependency identifierref="COMMON_FILES"/>
  </resource>
  <resource identifier="RES-eXeUT_560c9975c262fd6089e46" type="webcontent" adlcp:scormtype="sco" href="541_la_gestin_del_recolector_de_basuras.html"> 
    <file href="541_la_gestin_del_recolector_de_basuras.html"/> 
    <file href="exe_html5.js"/>
    <dependency identifierref="COMMON_FILES"/>
  </resource>
  <resource identifier="RES-eXeUT_560c9975c262fd6089e48" type="webcontent" adlcp:scormtype="sco" href="55_librera_estndar.html"> 
    <file href="55_librera_estndar.html"/> 
    <file href="exe_html5.js"/>
    <dependency identifierref="COMMON_FILES"/>
  </resource>
  <resource identifier="RES-eXeUT_560c9975c262fd6089e4a" type="webcontent" adlcp:scormtype="sco" href="551_cadenas_clase_str.html"> 
    <file href="551_cadenas_clase_str.html"/> 
    <file href="exe_html5.js"/>
    <file href="common.js"/>
    <dependency identifierref="COMMON_FILES"/>
  </resource>
  <resource identifier="RES-eXeUT_560c9975c262fd6089e4c" type="webcontent" adlcp:scormtype="sco" href="cadenas_de_caracteres.html"> 
    <file href="cadenas_de_caracteres.html"/> 
    <file href="exe_html5.js"/>
    <dependency identifierref="COMMON_FILES"/>
  </resource>
  <resource identifier="RES-eXeUT_560c9975c262fd6089e4e" type="webcontent" adlcp:scormtype="sco" href="ejercicios.html"> 
    <file href="ejercicios.html"/> 
    <file href="exe_html5.js"/>
    <dependency identifierref="COMMON_FILES"/>
  </resource>
  <resource identifier="RES-eXeUT_560c9975c262fd6089f50" type="webcontent" adlcp:scormtype="sco" href="expresiones_regulares.html"> 
    <file href="expresiones_regulares.html"/> 
    <file href="exe_html5.js"/>
    <dependency identifierref="COMMON_FILES"/>
  </resource>
  <resource identifier="RES-eXeUT_560c9975c262fd6089f52" type="webcontent" adlcp:scormtype="sco" href="patrones.html"> 
    <file href="patrones.html"/> 
    <file href="exe_html5.js"/>
    <dependency identifierref="COMMON_FILES"/>
  </resource>
  <resource identifier="RES-eXeUT_560c9975c262fd6089f54" type="webcontent" adlcp:scormtype="sco" href="metacaracteres.html"> 
    <file href="metacaracteres.html"/> 
    <file href="exe_html5.js"/>
    <dependency identifierref="COMMON_FILES"/>
  </resource>
  <resource identifier="RES-eXeUT_560c9975c262fd6089f56" type="webcontent" adlcp:scormtype="sco" href="elementos_de_una_expresin.html"> 
    <file href="elementos_de_una_expresin.html"/> 
    <file href="exe_html5.js"/>
    <file href="10.png"/>
    <dependency identifierref="COMMON_FILES"/>
  </resource>
  <resource identifier="RES-eXeUT_560c9975c262fd6089f58" type="webcontent" adlcp:scormtype="sco" href="ejemplos0.html"> 
    <file href="ejemplos0.html"/> 
    <file href="exe_html5.js"/>
    <dependency identifierref="COMMON_FILES"/>
  </resource>
  <resource identifier="RES-eXeUT_560c9975c262fd6089f5a" type="webcontent" adlcp:scormtype="sco" href="mdulo_re.html"> 
    <file href="mdulo_re.html"/> 
    <file href="exe_html5.js"/>
    <dependency identifierref="COMMON_FILES"/>
  </resource>
  <resource identifier="RES-eXeUT_560c9975c262fd608a05c" type="webcontent" adlcp:scormtype="sco" href="552_math.html"> 
    <file href="552_math.html"/> 
    <file href="exe_html5.js"/>
    <dependency identifierref="COMMON_FILES"/>
  </resource>
  <resource identifier="RES-eXeUT_560c9975c262fd608a05e" type="webcontent" adlcp:scormtype="sco" href="553_pandas.html"> 
    <file href="553_pandas.html"/> 
    <file href="exe_html5.js"/>
    <dependency identifierref="COMMON_FILES"/>
  </resource>
  <resource identifier="RES-eXeUT_560c9975c262fd608a060" type="webcontent" adlcp:scormtype="sco" href="554_numpy.html"> 
    <file href="554_numpy.html"/> 
    <file href="exe_html5.js"/>
    <dependency identifierref="COMMON_FILES"/>
  </resource>
  <resource identifier="RES-eXeUT_560c9975c262fd608a162" type="webcontent" adlcp:scormtype="sco" href="555_mathplotlib.html"> 
    <file href="555_mathplotlib.html"/> 
    <file href="exe_html5.js"/>
    <file href="11.png"/>
    <dependency identifierref="COMMON_FILES"/>
  </resource>
  <resource identifier="RES-eXeUT_560c9975c262fd608a164" type="webcontent" adlcp:scormtype="sco" href="56_caso_prctico_dawbank.html"> 
    <file href="56_caso_prctico_dawbank.html"/> 
    <file href="exe_html5.js"/>
    <dependency identifierref="COMMON_FILES"/>
  </resource>
  <resource identifier="RES-eXeUT_560c9975c262fd608a166" type="webcontent" adlcp:scormtype="sco" href="resumen.html"> 
    <file href="resumen.html"/> 
    <file href="exe_html5.js"/>
    <file href="map_1640112422716.png"/>
    <dependency identifierref="COMMON_FILES"/>
  </resource>
  <resource identifier="COMMON_FILES" type="webcontent" adlcp:scormtype="asset">
    <file href="config.xml"/>
    <file href="content.css"/>
    <file href="icon_activity.png"/>
    <file href="icon_agreement.png"/>
    <file href="icon_alert.png"/>
    <file href="icon_arts.png"/>
    <file href="icon_ask.png"/>
    <file href="icon_book.png"/>
    <file href="icon_calculate.png"/>
    <file href="icon_case.png"/>
    <file href="icon_collaborative.png"/>
    <file href="icon_competencies.png"/>
    <file href="icon_diary.png"/>
    <file href="icon_discuss.png"/>
    <file href="icon_download.png"/>
    <file href="icon_draw.png"/>
    <file href="icon_english.png"/>
    <file href="icon_experiment.png"/>
    <file href="icon_explore.png"/>
    <file href="icon_file.png"/>
    <file href="icon_gallery.png"/>
    <file href="icon_geography.png"/>
    <file href="icon_history.png"/>
    <file href="icon_info.png"/>
    <file href="icon_interactive.png"/>
    <file href="icon_letters.png"/>
    <file href="icon_listen.png"/>
    <file href="icon_math.png"/>
    <file href="icon_music.png"/>
    <file href="icon_nature.png"/>
    <file href="icon_objectives.png"/>
    <file href="icon_observe.png"/>
    <file href="icon_perform.png"/>
    <file href="icon_piece.png"/>
    <file href="icon_pieces.png"/>
    <file href="icon_play.png"/>
    <file href="icon_present.png"/>
    <file href="icon_reflection.png"/>
    <file href="icon_share.png"/>
    <file href="icon_sport.png"/>
    <file href="icon_start.png"/>
    <file href="icon_technology.png"/>
    <file href="icon_think.png"/>
    <file href="icon_video.png"/>
    <file href="nav.css"/>
    <file href="quicksand-regular-latin-ext.woff2"/>
    <file href="quicksand-regular-latin.woff2"/>
    <file href="quicksand-regular-vietnamese.woff2"/>
    <file href="_cedec_external_link.png"/>
    <file href="_cedec_icons.png"/>
    <file href="_cedec_icon_alert.png"/>
    <file href="_cedec_icon_danger.png"/>
    <file href="_cedec_icon_info.png"/>
    <file href="_cedec_icon_success.png"/>
    <file href="_cedec_icon_warning.png"/>
    <file href="_cedec_js.js"/>
    <file href="_cedec_left_column.gif"/>
    <file href="_cedec_licenses.gif"/>
    <file href="_cedec_loading.gif"/>
    <file href="_cedec_menu.gif"/>
    <file href="_cedec_pbl_duration.png"/>
    <file href="_cedec_pbl_participants.png"/>
    <file href="_cedec_print.gif"/>
    <file href="base.css"/>
    <file href="popup_bg.gif"/>
    <file href="SCORM_API_wrapper.js"/>
    <file href="SCOFunctions.js"/>
    <file href="common.js"/>
    <file href="common_i18n.js"/>
    <file href="exe_jquery.js"/>
    <file href="content.xsd"/>
    <file href="content.data"/>
    <file href="contentv3.xml"/>
    <file href="imslrm.xml"/>
  </resource>
</resources>
</manifest>
